pointScore,gameScore,setScore,isPointStart,pointStartTime,isPointEnd,pointEndTime,pointNumber,isBreakPoint,shotInRally,side,serverName,serverFarNear,firstServeIn,firstServeZone,firstServeXCoord,firstServeYCoord,secondServeIn,secondServeZone,secondServeXCoord,secondServeYCoord,isAce,shotContactX,shotContactY,shotDirection,shotFhBh,isSlice,isVolley,isOverhead,isApproach,isDropshot,isExcitingPoint,atNetPlayer1,atNetPlayer2,isLob,shotLocationX,shotLocationY,isWinner,isErrorWideR,isErrorWideL,isErrorNet,isErrorLong,clientTeam,Date,Division,Event,lineupPosition,matchDetails,matchVenue,opponentTeam,player1Name,player2Name,player1Hand,player2Hand,Round,Surface,Notes,isTopspin,isFlat,isKick
0-0,0-0,0-0,1,12000,,,,,1,Deuce,Player1,Far,1,T,14.37931977,-198.3923939,,,,,,-60.75711395,418.3972496,,,,,,,,,,,,,,,,,,,,,,,,,,,Rudy Quan,Youcef Rihane,,,,,,,1,
0-0,0-0,0-0,,13000,,,,,2,Deuce,Player1,Far,,,,,,,,,,51.25984252,-515.9853182,Crosscourt,Backhand,,,,,,,,,,-36.29523731,273.5943952,,,,,,,,,,,,,,,,,,,,,1,,
0-0,0-0,0-0,,14000,,,,,3,Deuce,Player1,Far,,,,,,,,,,-59.90875437,470.9614392,Down the Line,Forehand,,,,,,,,,,-66.11891951,-420.3168143,,,,,,,,,,,,,,,,,,,,,1,,
0-0,0-0,0-0,,15000,,,,,4,Ad,Player1,Far,,,,,,,,,,-73.87855424,-516.0581201,Crosscourt,Backhand,,,,,,,,,,107.4965825,480.4070374,,,,,1,,,,,,,,,,,,,,,,1,,
0-0,0-0,0-0,,16000,,,,,5,Ad,Player1,Far,,,,,,,,,,107.4965825,469.2093723,Crosscourt,Backhand,,,,,,,,,,-78.07545385,-274.5729713,,,,,,,,,,,,,,,,,,,,,,1,
0-0,0-0,0-0,,18000,,,,,6,Ad,Player1,Far,,,,,,,,,,-115.4360783,-503.7868766,Crosscourt,Backhand,,,,,,,,,,81.65610236,313.5024333,,,,,,,,,,,,,,,,,,,,,,1,
0-0,0-0,0-0,,19000,,,,,7,Ad,Player1,Far,,,,,,,,,,124.5998469,510.4739283,Crosscourt,Backhand,,,,,,,,,,-151.278505,-344.3289972,,,,,,,,,,,,,,,,,,,,,,1,
0-0,0-0,0-0,,21000,,,,,8,Ad,Player1,Far,,,,,,,,,,-188.9605752,-527.726892,Crosscourt,Backhand,,,,,,,,,,52.81612533,269.6392881,,,,,,,,,,,,,,,,,,,,,,1,
0-0,0-0,0-0,,22000,,,,,9,Ad,Player1,Far,,,,,,,,,,112.4673939,496.6674923,Down the Line,Backhand,,,,,,,,,,28.5466262,-349.4056813,,,,,,,,,,,,,,,,,,,,,,1,
0-0,0-0,0-0,,23000,,,,,10,Deuce,Player1,Far,,,,,,,,,,10.40300744,-496.9409394,Crosscourt,Forehand,,,,,,,,,,-17.95629374,25.83355206,,,,,,,,,,,,,,,,,,,,,1,,
0-0,0-0,0-0,,25000,,,,,11,Deuce,Player1,Far,,,,,,,,,,-87.52449694,510.1944335,Crosscourt,Forehand,,,,,,,,,,73.90339567,-375.1528434,,,,,,,,,,,,,,,,,,,,,,1,
0-0,0-0,0-0,,26000,,,,,12,Deuce,Player1,Far,,,,,,,,,,72.61803368,-473.2868876,Crosscourt,Forehand,,,,,,,,,,-58.18972003,246.4416831,,,,,,,,,,,,,,,,,,,,,1,,
0-0,0-0,0-0,,27000,,,,,13,Deuce,Player1,Far,,,,,,,,,,-111.8256507,479.8952811,Crosscourt,Forehand,,,,,,,,,,33.78120079,-362.2183454,,,,,,,,,,,,,,,,,,,,,1,,
0-0,0-0,0-0,,28000,,,,,14,Deuce,Player1,Far,,,,,,,,,,29.8184766,-475.1798885,Crosscourt,Forehand,,,,,,,,,,-103.5402504,278.4663003,,,,,,,,,,,,,,,,,,,,,1,,
0-0,0-0,0-0,,29000,1,17000,,,15,Deuce,Player1,Far,,,,,,,,,,-164.6239009,542.4868712,Down the Line,Forehand,,,,,,,,,,-117.0260061,19.41944991,,,,1,,,,,,,,,,,,,,,,,,1,
0-15,0-0,0-0,1,56000,,,,,1,Ad,Player1,Far,1,Body,-91.1540245,-230.8234307,,,,,,11.03070319,435.6057743,,,,,,,,,,,,,,,,,,,,,,,,,,,,,,,,,,,1,
0-15,0-0,0-0,,57000,,,,,2,Ad,Player1,Far,,,,,,,,,,-165.8885553,-531.2888233,Down the Line,Backhand,,,,,,,,,,-38.65494313,262.8775591,,,,,,,,,,,,,,,,,,,,,,1,
0-15,0-0,0-0,,58000,,,,,3,Deuce,Player1,Far,,,,,,,,,,-32.63397857,512.4946577,Crosscourt,Forehand,,,,,,,,,,118.1994094,-329.4640256,,,,,,,,,,,,,,,,,,,,,1,,
0-15,0-0,0-0,,59000,,,,,4,Deuce,Player1,Far,,,,,,,,,,147.0925142,-529.3924541,Crosscourt,Forehand,,,,,,,,,,-135.6783191,383.6803423,,,,,,,,,,,,,,,,,,,,,,1,
0-15,0-0,0-0,,61000,,,,,5,Deuce,Player1,Far,,,,,,,,,,-153.3459318,540.0847933,Down the Line,Forehand,,,,,,,,,,-95.2901028,-232.0585739,,,,,,,,,,,,,,,,,,,,,1,,
0-15,0-0,0-0,,62000,1,50000,,,6,Ad,Player1,Far,,,,,,,,,,-81.67960411,-418.2891568,Down the Line,Backhand,,,,,,,,,,-146.3812609,289.7020505,1,,,,,,,,,,,,,,,,,,,,1,,
0-30,0-0,0-0,1,84000,,,,,1,Deuce,Player1,Far,1,Wide,154.4773075,-228.133131,,,,,,-46.1960958,493.085351,,,1,,,,,,,,,,,,,,,,,,,,,,,,,,,,,,,,,
0-30,0-0,0-0,,85000,,,,,2,Deuce,Player1,Far,,,,,,,,,,194.9746118,-478.3091043,Crosscourt,Forehand,,,,,,,,,,-15.78655402,430.110269,,,,,,,,,,,,,,,,,,,,,1,,
0-30,0-0,0-0,,86000,,,,,3,Deuce,Player1,Far,,,,,,,,,,-40.5424322,513.9569718,Crosscourt,Forehand,,,,,,,,,,81.90562664,-211.2213255,,,,,,,,,,,,,,,,,,,,,1,,
0-30,0-0,0-0,,88000,,,,,4,Deuce,Player1,Far,,,,,,,,,,89.6783902,-381.5063539,Down the Line,Forehand,,,,,,,,,,137.8637905,367.3432962,,,,,,,,,,,,,,,,,,,,,1,,
0-30,0-0,0-0,,89000,1,77000,,,5,Ad,Player1,Far,,,,,,,,,,140.2797244,526.5752297,Down the Line,Backhand,,,,,,,,,,46.03805227,216.1719652,,,,1,,,,,,,,,,,,,,,,,1,,
0-40,0-0,0-0,1,113000,,,,1,1,Ad,Player1,Far,1,Body,-97.85263561,-171.1208333,,,,,,7.50907699,449.27097,,,,,,,,,,,,,,,,,,,,,,,,,,,,,,,,,,,1,
0-40,0-0,0-0,,115000,,,,1,2,Ad,Player1,Far,,,,,,,,,,-160.1956966,-495.5079068,Crosscourt,Backhand,,,,,,,,,,52.93420822,307.9741634,,,,,,,,,,,,,,,,,,,,,1,,
0-40,0-0,0-0,,116000,,,,1,3,Ad,Player1,Far,,,,,,,,,,89.36081037,505.1394904,Crosscourt,Backhand,,,,,,,,,,-123.1393701,-225.217383,,,,,,,,,,,,,,,,,,,,,,1,
0-40,0-0,0-0,,117000,1,105000,,1,4,Ad,Player1,Far,,,,,,,,,,-173.6718449,-474.1466153,Down the Line,Backhand,,,,,,,,,,-66.97428368,-36.0181157,,,,1,,,,,,,,,,,,,,,,,,1,
15-40,0-0,0-0,1,138000,,,,1,1,Deuce,Player1,Far,1,T,24.95870516,-209.6828412,,,,,,-61.63104221,461.8852854,,,,,,,,,,,,,,,,,,,,,,,,,,,,,,,,,,,1,
15-40,0-0,0-0,,140000,,,,1,2,Deuce,Player1,Far,,,,,,,,,,69.02770122,-529.8071413,Crosscourt,Backhand,,,,,,,,,,-21.12259952,281.8072999,,,,,,,,,,,,,,,,,,,,,1,,
15-40,0-0,0-0,,141000,,,,1,3,Deuce,Player1,Far,,,,,,,,,,-59.31730643,510.3791557,Down the Line,Forehand,,,,,,,,,,-98.04455381,-338.4663058,,,,,,,,,,,,,,,,,,,,,1,,
15-40,0-0,0-0,,142000,1,130000,,1,4,Ad,Player1,Far,,,,,,,,,,-103.3682743,-549.3656879,Crosscourt,Backhand,,,,,,,,,,91.59393591,445.5584591,1,,,,,,,,,,,,,,,,,,,,,1,
0-0,0-1,0-0,1,196000,,,,,1,Deuce,Player2,Far,0,Wide,130.625864,-255.0690453,,,,,,-36.39770341,491.1857283,,,,,,,,,,,,,,,,,,,,,,,,,,,,,,,,,,,1,
0-0,0-1,0-0,,196000,,,,,2,Deuce,Player2,Far,,,,,,,,,,168.8434985,-513.6193351,Down the Line,Forehand,,,,,,,,,,8.88006343,340.932535,,,,,,,,,,,,,,,,,,,,,,1,
0-0,0-1,0-0,,198000,,,,,3,Deuce,Player2,Far,,,,,,,,,,-21.8501203,531.3717684,Crosscourt,Forehand,,,,,,,,,,71.76665026,-222.7738134,,,,,,,,,,,,,,,,,,,,,1,,
0-0,0-1,0-0,,199000,1,187000,,,4,Deuce,Player2,Far,,,,,,,,,,109.4043963,-432.7890475,Down the Line,Forehand,,,,,,,,,,177.9302931,395.5623141,,1,,,,,,,,,,,,,,,,,,,1,,
15-0,0-1,0-0,1,215000,,,,,1,Ad,Player2,Far,1,Body,-90.94365704,-190.4781223,,,,,,34.76567148,492.8969926,,,,,,,,,,,,,,,,,,,,,,,,,,,,,,,,,,,1,
15-0,0-1,0-0,,216000,,,,,2,Ad,Player2,Far,,,,,,,,,,-176.2273731,-520.0105862,Down the Line,Backhand,,,,,,,,,,-51.5970199,254.6837544,,,,,,,,,,,,,,,,,,,,,1,,
15-0,0-1,0-0,,218000,,,,,3,Deuce,Player2,Far,,,,,,,,,,-37.08235455,537.3489447,Crosscourt,Forehand,,,,,,,,,,114.0339348,-343.8955927,,,,,,,,,,,,,,,,,,,,,1,,
15-0,0-1,0-0,,219000,,,,,4,Deuce,Player2,Far,,,,,,,,,,141.3647857,-509.3312609,Crosscourt,Forehand,,,,,,,,,,-42.29671916,422.0626039,,,,,,,,,,,,,,,,,,,,,1,,
15-0,0-1,0-0,,220000,,,,,5,Deuce,Player2,Far,,,,,,,,,,-74.5363353,550.9478073,Down the Line,Forehand,,,,,,,,,,-106.295467,-256.266869,,,,,,,,,,,,,,,,,,,,,1,,
15-0,0-1,0-0,,222000,,,,,6,Ad,Player2,Far,,,,,,,,,,-121.5934985,-448.4416339,Crosscourt,Backhand,,,,,,,,,,103.6009569,280.713435,,,,,,,,,,,,,,,,,,,,,1,,
15-0,0-1,0-0,,223000,1,211000,,,7,Ad,Player2,Far,,,,,,,,,,143.5,491.2234689,Down the Line,Backhand,,,,,,,,,,33.23821085,17.70018591,,,,1,,,,,,,,,,,,,,,,,,1,
15-15,0-1,0-0,1,254000,,,,,1,Deuce,Player2,Far,1,T,27.49038714,-164.1918362,,,,,,-38.84567476,460.841869,,,,,,,,,,,,,,,,,,,,,,,,,,,,,,,,,,,1,
15-15,0-1,0-0,,255000,,,,,2,Deuce,Player2,Far,,,,,,,,,,54.09708552,-483.0543143,Crosscourt,Backhand,,,,,,,,,,-35.6679626,267.4746391,,,,,,,,,,,,,,,,,,,,,,1,
15-15,0-1,0-0,,257000,,,,,3,Deuce,Player2,Far,,,,,,,,,,-61.35518373,468.8614775,Crosscourt,Forehand,,,,,,,,,,134.3166721,-301.5999836,,,,,,,,,,,,,,,,,,,,,,1,
15-15,0-1,0-0,,258000,,,,,4,Deuce,Player2,Far,,,,,,,,,,164.9479878,-504.9633804,Down the Line,Forehand,,,,,,,,,,2.495472441,385.6224902,,,,,,,,,,,,,,,,,,,,,1,,
15-15,0-1,0-0,,259000,,,,,5,Deuce,Player2,Far,,,,,,,,,,-20.60758968,509.5441929,Down the Line,Forehand,,,,,,,,,,-97.56307415,-338.1889162,,,,,,,,,,,,,,,,,,,,,1,,
15-15,0-1,0-0,,260000,,,,,6,Ad,Player2,Far,,,,,,,,,,-119.568061,-543.5945155,Down the Line,Backhand,1,,,,,,,,,-19.82368766,302.7417706,,,,,,,,,,,,,,,,,,,,,,,
15-15,0-1,0-0,,263000,1,251000,,,7,Deuce,Player2,Far,,,,,,,,,,-7.749146982,403.8427384,Down the Line,Forehand,,,,,,,,,,-59.41376312,25.01344051,,,,1,,,,,,,,,,,,,,,,,,1,
15-30,0-1,0-0,1,289000,,,,,1,Ad,Player2,Far,0,Body,-55.49356409,1.242798556,1,Wide,-111.8560039,-151.8534175,,13.70814195,437.2465715,,,,,,,,,,,,,,,,,1,,,,,,,,,,,,,,,,,,1,
15-30,0-1,0-0,,303000,,,,,2,Ad,Player2,Far,,,,,,,,,,-197.3417432,-469.5579178,Crosscourt,Backhand,,,,,,,,,,45.83082349,371.6110455,,,,,,,,,,,,,,,,,,,,,,1,
15-30,0-1,0-0,,304000,,,,,3,Ad,Player2,Far,,,,,,,,,,63.17637795,529.4992837,Down the Line,Forehand,,,,,,,,,,93.81305227,-339.3716207,,,,,,,,,,,,,,,,,,,,,1,,
15-30,0-1,0-0,,306000,,,,,4,Deuce,Player2,Far,,,,,,,,,,86.37019357,-532.6383366,Crosscourt,Forehand,,,,,,,,,,-49.29645122,277.5255796,,,,,,,,,,,,,,,,,,,,,1,,
15-30,0-1,0-0,,307000,,,,,5,Deuce,Player2,Far,,,,,,,,,,-96.66579724,524.9203084,Down the Line,Forehand,,,,,,,,,,-131.3855752,-398.1015365,,,,,,,,,,,,,,,,,,,,,1,,
15-30,0-1,0-0,,308000,,,,,6,Ad,Player2,Far,,,,,,,,,,-137.1910816,-534.3830162,Crosscourt,Backhand,,,,,,,,,,62.97814414,358.3940289,,,,,,,,,,,,,,,,,,,,,1,,
15-30,0-1,0-0,,310000,1,298000,,,7,Ad,Player2,Far,,,,,,,,,,57.68588692,514.9617673,Down the Line,Forehand,,,,,,,,,,135.9324366,-511.7114447,,,,,1,,,,,,,,,,,,,,,,1,,
15-40,0-1,0-0,1,336000,,,,1,1,Deuce,Player2,Far,1,Body,55.02502187,-169.4920549,,,,,,-18.86225941,450.2132601,,,,,,,,,,,,,,,,,,,,,,,,,,,,,,,,,,,1,
15-40,0-1,0-0,,337000,1,325000,,1,2,Deuce,Player2,Far,,,,,,,,,,77.81651356,-490.4838145,Down the Line,Backhand,,,,,,,,,,32.36114392,-20.40855206,,,,1,,,,,,,,,,,,,,,,,,1,
30-40,0-1,0-0,1,356000,,,,1,1,Ad,Player2,Far,0,Wide,-165.1060696,-216.7471839,1,Body,-88.72346894,-181.3916339,,31.60713583,440.6875109,,,,,,,,,,,,,,,,,,,,,,,,,,,,,,,,,,,1,
30-40,0-1,0-0,,367000,,,,1,2,Ad,Player2,Far,,,,,,,,,,-130.8841153,-419.4788659,Crosscourt,Backhand,,,,,,,,,,68.73381452,260.5927603,,,,,,,,,,,,,,,,,,,,,,1,
30-40,0-1,0-0,,368000,,,,1,3,Ad,Player2,Far,,,,,,,,,,122.9525809,500.4194663,Crosscourt,Backhand,,,,,,,,,,-125.573294,-300.8249234,,,,,,,,,,,,,,,,,,,,,1,,
30-40,0-1,0-0,,369000,,,,1,4,Ad,Player2,Far,,,,,,,,,,-176.1939961,-536.8840004,Crosscourt,Backhand,,,,,,,,,,105.6680774,408.572944,,,,,,,,,,,,,,,,,,,,,1,,
30-40,0-1,0-0,,370000,,,,1,5,Ad,Player2,Far,,,,,,,,,,121.9256999,501.3405129,Crosscourt,Backhand,,,,,,,,,,-54.82219488,-268.1709646,,,,,,,,,,,,,,,,,,,,,1,,
30-40,0-1,0-0,,372000,,,,1,6,Ad,Player2,Far,,,,,,,,,,-103.9170822,-492.1587161,Crosscourt,Backhand,,,,,,,,,,150.5600558,325.2250984,,,,,,,,,,,,,,,,,,,,,,1,
30-40,0-1,0-0,,373000,,,,1,7,Ad,Player2,Far,,,,,,,,,,176.4777778,523.7592301,Down the Line,Backhand,,,,,,,,,,0.9388451444,-242.9953084,,,,,,,,,,,,,,,,,,,,,,1,
30-40,0-1,0-0,,374000,,,,1,8,Ad,Player2,Far,,,,,,,,,,-31.8766787,-454.7442367,Down the Line,Forehand,,,,,,,,,,-128.7235236,361.477313,,,,,,,,,,,,,,,,,,,,,1,,
30-40,0-1,0-0,,376000,1,364000,,1,9,Deuce,Player2,Far,,,,,,,,,,-164.5627734,578.9564195,Down the Line,Forehand,,,,,,,,,,-112.1598425,24.05117017,,,,1,,,,,,,,,,,,,,,,,,1,
0-0,1-1,0-0,1,414000,,,,,1,Deuce,Player1,Near,0,T,-46.56523403,297.8676455,1,T,-19.79547791,179.6361986,,41.8968832,-461.5864228,,,1,,,,,,,,,,,,,,,,,,,,,,,,,,,,,,,,,
0-0,1-1,0-0,,428000,1,416000,,,2,Deuce,Player1,Near,,,,,,,,,,-64.95156387,554.064392,Down the Line,Backhand,,,,,,,,,,-62.6246227,17.28090551,,,,1,,,,,,,,,,,,,,,,,1,,
15-0,1-1,0-0,1,447000,,,,,1,Ad,Player1,Near,1,Body,87.04278762,229.6965715,,,,,,-30.81335849,-464.5753554,,,1,,,,,,,,,,,,,,,,,,,,,,,,,,,,,,,,,
15-0,1-1,0-0,,448000,,,,,2,Ad,Player1,Near,,,,,,,,,,157.4028543,518.6103565,Crosscourt,Backhand,,,,,,,,,,-66.68529637,-379.9807688,,,,,,,,,,,,,,,,,,,,,,1,
15-0,1-1,0-0,,450000,,,,,3,Ad,Player1,Near,,,,,,,,,,-80.44802056,-505.4638451,Crosscourt,Backhand,,,,,,,,,,73.47764654,320.2435696,,,,,,,,,,,,,,,,,,,,,1,,
15-0,1-1,0-0,,451000,,,,,4,Ad,Player1,Near,,,,,,,,,,89.13233815,545.4303314,Crosscourt,Forehand,,,,,,,,,,-102.8108541,-326.3240157,,,,,,,,,,,,,,,,,,,,,1,,
15-0,1-1,0-0,,452000,,,,,5,Ad,Player1,Near,,,,,,,,,,-150.9523895,-536.2670604,Down the Line,Backhand,,,,,,,,,,-76.97630687,289.255479,,,,,,,,,,,,,,,,,,,,,1,,
15-0,1-1,0-0,,453000,1,441000,,,6,Deuce,Player1,Near,,,,,,,,,,-73.48725394,502.7987314,Down the Line,Forehand,,,,,,,,,,-57.61626203,197.773808,,,,1,,,,,,,,,,,,,,,,,1,,
30-0,1-1,0-0,1,475000,,,,,1,Deuce,Player1,Near,1,T,-11.58031496,219.2470965,,,,,,38.81214458,-484.6641842,,,1,,,,,,,,,,,,,,,,,,,,,,,,,,,,,,,,,
30-0,1-1,0-0,,476000,,,,,2,Deuce,Player1,Near,,,,,,,,,,-52.82152231,541.3235728,Down the Line,Backhand,,,,,,,,,,-79.14979768,-218.397091,,,,,,,,,,,,,,,,,,,,,,1,
30-0,1-1,0-0,,478000,,,,,3,Ad,Player1,Near,,,,,,,,,,-69.59266185,-388.6243985,Crosscourt,Backhand,,,,,,,,,,76.98174213,270.2679407,,,,,,,,,,,,,,,,,,,,,,1,
30-0,1-1,0-0,,479000,,,,,4,Ad,Player1,Near,,,,,,,,,,131.9286035,505.9313156,Down the Line,Backhand,,,,,,,,,,41.81818679,-85.59589895,,,,,,,,,,,,,,,,,,,,,1,,
30-0,1-1,0-0,,479000,1,467000,,,5,Deuce,Player1,Near,,,,,,,,,,41.81818679,-105.7004976,Crosscourt,Forehand,,1,,,,,,,,-143.3319663,315.0037511,1,,,,,,,,,,,,,,,,,,,,,1,
40-0,1-1,0-0,1,505000,,,,,1,Ad,Player1,Near,0,Wide,117.8913605,290.2663222,1,Body,90.88413714,182.6729768,,-23.32116142,-466.0431813,,,,,,,,,,,,,,,,,,,,,,,,,,,,,,,,,,,1,
40-0,1-1,0-0,,515000,1,503000,,,2,Ad,Player1,Near,,,,,,,,,,150.5254921,505.2869313,Down the Line,Backhand,,,,,,,,,,181.0756616,-364.7346402,,,1,,,,,,,,,,,,,,,,,,1,,
0-0,2-1,0-0,1,607000,,,,,1,Deuce,Player2,Near,1,T,-37.38026028,167.6413112,,,,,,12.36031277,-488.4141295,,,1,,,,,,,,,,,,,,,,,,,,,,,,,,,,,,,,,
0-0,2-1,0-0,,607000,,,,,2,Deuce,Player2,Near,,,,,,,,,,-59.08144685,553.4961778,Down the Line,Backhand,,,,,,,,,,-33.19752297,-325.5045932,,,,,,,,,,,,,,,,,,,,,1,,
0-0,2-1,0-0,,609000,,,,,3,Ad,Player2,Near,,,,,,,,,,-24.93508858,-469.8459864,Crosscourt,Forehand,,,,,,,,,,77.99384843,274.3383366,,,,,,,,,,,,,,,,,,,,,1,,
0-0,2-1,0-0,,610000,,,,,4,Ad,Player2,Near,,,,,,,,,,105.5101487,542.1567367,Down the Line,Backhand,,,,,,,,,,27.94208771,-404.9201061,,,,,,,,,,,,,,,,,,,,,1,,
0-0,2-1,0-0,,611000,,,,,5,Deuce,Player2,Near,,,,,,,,,,14.01864064,-519.6445866,Down the Line,Forehand,,,,,,,,,,135.8876914,282.3283957,,,,,,,,,,,,,,,,,,,,,1,,
0-0,2-1,0-0,,613000,1,601000,,,6,Ad,Player2,Near,,,,,,,,,,166.3900153,526.5937555,Crosscourt,Backhand,,,,,,,,,,-79.04411636,-488.6139326,,,,,1,,,,,,,,,,,,,,,,1,,
15-0,2-1,0-0,1,629000,,,,,1,Ad,Player2,Near,1,Body,104.4013944,204.3800197,,,,,,-38.87874563,-476.9905566,,,1,,,,,,,,,,,,,,,,,,,,,,,,,,,,,,,,,
15-0,2-1,0-0,,630000,1,618000,,,2,Ad,Player2,Near,,,,,,,,,,173.6174541,525.3108815,Down the Line,Backhand,,,,,,,,,,22.46380687,7.611581365,,,,1,,,,,,,,,,,,,,,,,1,,
30-0,2-1,0-0,1,651000,,,,,1,Deuce,Player2,Near,1,Wide,-105.7420658,207.3607229,,,,,,16.36326553,-480.4184821,,,,,,,,,,,,,,,,,,,,,,,,,,,,,,,,,,,1,
30-0,2-1,0-0,,651000,,,,,2,Deuce,Player2,Near,,,,,,,,,,-191.3337161,548.4357229,Down the Line,Forehand,,,,,,,,,,-47.11584099,-418.3375383,,,,,,,,,,,,,,,,,,,,,,1,
30-0,2-1,0-0,,653000,,,,,3,Ad,Player2,Near,,,,,,,,,,-41.58810696,-505.9734963,Crosscourt,Backhand,,,,,,,,,,6.183448163,195.5013342,,,,,,,,,,,,,,,,,,,,,1,,
30-0,2-1,0-0,,654000,,,,,4,Ad,Player2,Near,,,,,,,,,,31.63063758,512.5892006,Down the Line,Forehand,,,,,,,,,,59.93217957,-299.7968176,,,,,,,,,,,,,,,,,,,,,,1,
30-0,2-1,0-0,,657000,,,,,5,Deuce,Player2,Near,,,,,,,,,,35.97987752,-415.5699967,Crosscourt,Forehand,,,,,,,,,,-119.5440234,285.0726651,,,,,,,,,,,,,,,,,,,,,1,,
30-0,2-1,0-0,,658000,1,646000,,,6,Deuce,Player2,Near,,,,,,,,,,-191.7172846,572.0264654,Crosscourt,Forehand,,,,,,,,,,99.87627406,-219.6236986,1,,,,,,,,,,,,,,,,,,,,,1,
30-15,2-1,0-0,1,682000,,,,,1,Ad,Player2,Near,1,Wide,150.1198381,183.8584755,,,,,,-23.42615376,-446.1451608,,,1,,,,,,,,,,,,,,,,,,,,,,,,,,,,,,,,,
30-15,2-1,0-0,,683000,1,671000,,,2,Ad,Player2,Near,,,,,,,,,,202.8208661,500.8921807,Down the Line,Backhand,,,,,,,,,,128.9715168,201.8520122,,,,1,,,,,,,,,,,,,,,,,1,,
40-15,2-1,0-0,1,702000,,,,,1,Deuce,Player2,Near,1,T,-41.19431868,222.0546369,,,,,,13.63602909,-475.7857283,,,1,,,,,,,,,,,,,,,,,,,,,,,,,,,,,,,,,
40-15,2-1,0-0,,702000,,,,,2,Deuce,Player2,Near,,,,,,,,,,-61.21742673,520.5328303,Down the Line,Backhand,,,,,,,,,,-30.04384843,-283.4717137,,,,,,,,,,,,,,,,,,,,,1,,
40-15,2-1,0-0,,704000,,,,,3,Ad,Player2,Near,,,,,,,,,,-22.8701881,-431.1939906,Crosscourt,Forehand,,,,,,,,,,85.50679134,270.0169619,,,,,,,,,,,,,,,,,,,,,1,,
40-15,2-1,0-0,,705000,1,693000,,,4,Ad,Player2,Near,,,,,,,,,,122.2239119,511.7052439,Down the Line,Backhand,,,,,,,,,,113.3765365,-516.1932743,,,,,1,,,,,,,,,,,,,,,,,1,
0-0,2-2,0-0,1,737000,,,,,1,Deuce,Player1,Far,1,Body,76.93856627,-205.369007,,,,,,-62.56659558,511.2077647,,,1,,,,,,,,,,,,,,,,,,,,,,,,,,,,,,,,,
0-0,2-2,0-0,,738000,,,,,2,Deuce,Player1,Far,,,,,,,,,,147.1906934,-490.3864392,Crosscourt,Forehand,,,,,,,,,,-2.389446632,344.4566874,,,,,,,,,,,,,,,,,,,,,,1,
0-0,2-2,0-0,,739000,,,,,3,Deuce,Player1,Far,,,,,,,,,,-30.92462817,562.8750984,Crosscourt,Forehand,,,,,,,,,,103.5274661,-303.8713473,,,,,,,,,,,,,,,,,,,,,1,,
0-0,2-2,0-0,,741000,,,,,4,Deuce,Player1,Far,,,,,,,,,,115.2196249,-504.4735182,Crosscourt,Forehand,,,,,,,,,,-86.44364611,224.5492673,,,,,,,,,,,,,,,,,,,,,,1,
0-0,2-2,0-0,,742000,,,,,5,Deuce,Player1,Far,,,,,,,,,,-156.4417323,556.0982119,Down the Line,Forehand,,,,,,,,,,-80.38796479,-264.5800197,,,,,,,,,,,,,,,,,,,,,1,,
0-0,2-2,0-0,,743000,,,,,6,Ad,Player1,Far,,,,,,,,,,-57.16387248,-522.6411363,Crosscourt,Backhand,,,,,,,,,,108.1393591,227.1655402,,,,,,,,,,,,,,,,,,,,,,1,
0-0,2-2,0-0,,745000,,,,,7,Ad,Player1,Far,,,,,,,,,,154.0938922,495.6132819,Crosscourt,Backhand,,,,,,,,,,-87.10946522,-322.2624617,,,,,,,,,,,,,,,,,,,,,1,,
0-0,2-2,0-0,,746000,,,,,8,Ad,Player1,Far,,,,,,,,,,-127.8948764,-517.6491196,Crosscourt,Backhand,,,,,,,,,,84.67113955,173.9124891,,,,,,,,,,,,,,,,,,,,,,1,
0-0,2-2,0-0,,748000,,,,,9,Ad,Player1,Far,,,,,,,,,,154.7407644,493.8028817,Down the Line,Backhand,,,,,,,,,,118.3022966,-299.4951608,,,,,,,,,,,,,,,,,,,,,,1,
0-0,2-2,0-0,,749000,,,,,10,Deuce,Player1,Far,,,,,,,,,,95.85774278,-526.3074475,Crosscourt,Forehand,1,,,,,,,,,-62.9269685,350.2471511,,,,,,,,,,,,,,,,,,,,,,,
0-0,2-2,0-0,,751000,,,,,11,Deuce,Player1,Far,,,,,,,,,,-83.2809766,472.5333388,Crosscourt,Forehand,,,,,,,,,,92.43908027,-244.6564304,,,,,,,,,,,,,,,,,,,,,1,,
0-0,2-2,0-0,,752000,,,,,12,Deuce,Player1,Far,,,,,,,,,,141.3208825,-492.3545385,Down the Line,Forehand,,,,,,,,,,77.95874891,436.0441546,,,,,,,,,,,,,,,,,,,,,1,,
0-0,2-2,0-0,,753000,,,,,13,Ad,Player1,Far,,,,,,,,,,69.55767717,516.5578576,Crosscourt,Backhand,,,,,,,,,,-87.70696085,-388.2685805,,,,,,,,,,,,,,,,,,,,,1,,
0-0,2-2,0-0,,755000,,,,,14,Ad,Player1,Far,,,,,,,,,,-110.3757382,-538.1914862,Down the Line,Backhand,,,,,,,,,,-103.5603839,316.258224,,,,,,,,,,,,,,,,,,,,,1,,
0-0,2-2,0-0,,756000,,,,,15,Deuce,Player1,Far,,,,,,,,,,-88.94688867,556.1826881,Down the Line,Forehand,,,,,,,,,,-62.06988189,-366.7929571,,,,,,,,,,,,,,,,,,,,,1,,
0-0,2-2,0-0,,758000,,,,,16,Ad,Player1,Far,,,,,,,,,,-50.51096347,-539.0365157,Crosscourt,Forehand,,,,,,,,,,91.41445757,250.9895396,,,,,,,,,,,,,,,,,,,,,,1,
0-0,2-2,0-0,,759000,,,,,17,Ad,Player1,Far,,,,,,,,,,140.2886811,513.3542323,Crosscourt,Backhand,,,,,,,,,,-81.2470035,-300.1192585,,,,,,,,,,,,,,,,,,,,,,1,
0-0,2-2,0-0,,760000,,,,,18,Ad,Player1,Far,,,,,,,,,,-108.9069554,-500.7536964,Crosscourt,Forehand,,,,,,,,,,70.51099081,397.0650098,,,,,,,,,,,,,,,,,,,,,1,,
0-0,2-2,0-0,,762000,,,,,19,Ad,Player1,Far,,,,,,,,,,80.21801728,468.4901958,Down the Line,Backhand,,,,,,,,,,70.75829506,-231.5487697,,,,,,,,,,,,,,,,,,,,,1,,
0-0,2-2,0-0,,763000,,,,,20,Deuce,Player1,Far,,,,,,,,,,64.84534668,-471.9825787,Crosscourt,Forehand,,,,,,,,,,-89.43724847,229.4509132,,,,,,,,,,,,,,,,,,,,,,1,
0-0,2-2,0-0,,764000,,,,,21,Deuce,Player1,Far,,,,,,,,,,-136.8037238,501.7808836,Crosscourt,Forehand,,,,,,,,,,107.5712216,-317.2839567,,,,,,,,,,,,,,,,,,,,,1,,
0-0,2-2,0-0,,765000,1,753000,,,22,Deuce,Player1,Far,,,,,,,,,,138.6849355,-512.2671041,Down the Line,Forehand,,,,,,,,,,154.5953904,418.4718504,1,,,,,,,,,,,,,,,,,,,,1,,
0-15,2-2,0-0,1,794000,,,,,1,Ad,Player1,Far,1,Body,-98.79358596,-171.8631288,,,,,,7.922615923,510.1128281,,,,,,,,,,,,,,,,,,,,,,,,,,,,,,,,,,,1,
0-15,2-2,0-0,,795000,1,783000,,,2,Ad,Player1,Far,,,,,,,,,,-183.4390037,-515.8762303,Crosscourt,Backhand,,,,,,,,,,16.6804626,-18.73330599,,,,1,,,,,,,,,,,,,,,,,,1,
15-15,2-2,0-0,1,823000,,,,,1,Deuce,Player1,Far,1,Wide,156.4531769,-242.0514108,,,,,,-59.73742892,499.4921807,,,,,,,,,,,,,,,,,,,,,,,,,,,,,,,,,,,1,
15-15,2-2,0-0,,824000,,,,,2,Deuce,Player1,Far,,,,,,,,,,202.2430063,-494.5132546,Crosscourt,Forehand,,,,,,,,,,-20.73861002,306.8206638,,,,,,,,,,,,,,,,,,,,,1,,
15-15,2-2,0-0,,825000,,,,,3,Deuce,Player1,Far,,,,,,,,,,-68.01448491,491.7409285,Down the Line,Forehand,,,,,,,,,,-116.6046971,-396.565923,,,,,,,,,,,,,,,,,,,,,1,,
15-15,2-2,0-0,,827000,,,,,4,Ad,Player1,Far,,,,,,,,,,-134.4941218,-581.2158027,Crosscourt,Backhand,,,,,,,,,,63.13044619,179.5093121,,,,,,,,,,,,,,,,,,,,,1,,
15-15,2-2,0-0,,829000,1,817000,,,5,Ad,Player1,Far,,,,,,,,,,63.13044619,225.7774442,Down the Line,Forehand,,,1,,,,,,,102.8079834,-82.80175525,1,,,,,,,,,,,,,,,,,,,,,1,
30-15,2-2,0-0,1,861000,,,,,1,Ad,Player1,Far,1,T,-0.7197889326,-184.0518482,1,Body,-81.84028871,-159.6703521,,11.88606737,448.6683836,,,1,,,,,,,,,,,,,,,,,,,,,,,,,,,,,,,,,
30-15,2-2,0-0,,876000,1,864000,,,2,Ad,Player1,Far,,,,,,,,,,-146.4716317,-486.7254484,Down the Line,Forehand,,,,,,,,,,-106.3904692,455.8877078,,,,,1,,,,,,,,,,,,,,,,1,,
40-15,2-2,0-0,1,897000,,,,,1,Deuce,Player1,Far,1,T,39.71738298,-171.1036089,,,,,,-53.45055774,480.916612,,,,,,,,,,,,,,,,,,,,,,,,,,,,,,,,,,,1,
40-15,2-2,0-0,,898000,,,,,2,Deuce,Player1,Far,,,,,,,,,,87.28687664,-514.0638014,Crosscourt,Backhand,,,,,,,,,,-50.18599628,273.4397966,,,,,,,,,,,,,,,,,,,,,1,,
40-15,2-2,0-0,,899000,,,,,3,Deuce,Player1,Far,,,,,,,,,,-81.21806649,512.0282207,Down the Line,Forehand,,,,,,,,,,-148.6816,-361.2479987,,,,,,,,,,,,,,,,,,,,,1,,
40-15,2-2,0-0,,901000,,,,,4,Ad,Player1,Far,,,,,,,,,,-166.3478729,-541.1424103,Down the Line,Backhand,,,,,,,,,,-66.89367345,93.11339676,,,,,,,,,,,,,,,,,,,,,,1,
40-15,2-2,0-0,,902000,,,,,5,Deuce,Player1,Far,,,,,,,,,,-91.3599136,250.5709099,Down the Line,Forehand,,,,,,,,,,-142.7697616,-407.4393482,,,,,,,,,,,,,,,,,,,,,,1,
40-15,2-2,0-0,,904000,,,,,6,Ad,Player1,Far,,,,,,,,,,-154.7483815,-529.9849738,Crosscourt,Backhand,,,,,,,,,,9.682376422,233.2598808,,,,,,,,,,,,,,,,,,,,,1,,
40-15,2-2,0-0,,905000,1,893000,,,7,Ad,Player1,Far,,,,,,,,,,9.682376422,279.5280129,Crosscourt,Forehand,,,1,,,,,,,-131.1465004,-212.3121282,1,,,,,,,,,,,,,,,,,,,,,1,
0-0,3-2,0-0,1,1011000,,,,,1,Deuce,Player2,Far,1,T,10.42195429,-175.4216918,,,,,,-47.97009514,469.4918143,,,,,,,,,,,,,,,,,,,,,,,,,,,,,,,,,,,1,
0-0,3-2,0-0,,1012000,1,1000000,,,2,Deuce,Player2,Far,,,,,,,,,,34.01506999,-449.7798174,Down the Line,Backhand,,,,,,,,,,202.8955052,183.638271,,1,,,,,,,,,,,,,,,,,,,,1,
15-0,3-2,0-0,1,1025000,,,,,1,Ad,Player2,Far,1,Body,-101.8737314,-178.1283738,,,,,,41.02636155,497.3610619,,,,,,,,,,,,,,,,,,,,,,,,,,,,,,,,,,,1,
15-0,3-2,0-0,,1026000,,,,,2,Ad,Player2,Far,,,,,,,,,,-196.2197452,-524.8241962,Crosscourt,Backhand,,,,,,,,,,66.4542979,289.4899224,,,,,,,,,,,,,,,,,,,,,,1,
15-0,3-2,0-0,,1027000,1,1015000,,,3,Ad,Player2,Far,,,,,,,,,,98.62233705,525.2456201,Down the Line,Forehand,,,,,,,,,,140.0818734,-419.0938047,1,,,,,,,,,,,,,,,,,,,,1,,
30-0,3-2,0-0,1,1044000,,,,,1,Deuce,Player2,Far,0,Wide,173.1636483,246.061215,1,T,23.21234143,-147.0880741,,-33.4178423,485.5684657,,,,,,,,,,,,,,,,,1,,,,,,,,,,,,,,,,,,1,
30-0,3-2,0-0,,1056000,,,,,2,Deuce,Player2,Far,,,,,,,,,,48.52682633,-439.0119587,Down the Line,Backhand,,,,,,,,,,72.8966098,345.353505,,,,,,,,,,,,,,,,,,,,,1,,
30-0,3-2,0-0,,1057000,,,,,3,Ad,Player2,Far,,,,,,,,,,69.51649169,554.9378992,Crosscourt,Backhand,,,,,,,,,,-59.86645888,-233.1005359,,,,,,,,,,,,,,,,,,,,,1,,
30-0,3-2,0-0,,1058000,,,,,4,Ad,Player2,Far,,,,,,,,,,-110.4299759,-495.0151356,Crosscourt,Backhand,,,,,,,,,,73.28955599,351.240234,,,,,,,,,,,,,,,,,,,,,,1,
30-0,3-2,0-0,,1060000,,,,,5,Ad,Player2,Far,,,,,,,,,,110.995128,495.2202209,Down the Line,Backhand,,,,,,,,,,114.3850066,-347.5849464,,,,,,,,,,,,,,,,,,,,,1,,
30-0,3-2,0-0,,1061000,,,,,6,Deuce,Player2,Far,,,,,,,,,,121.0361549,-529.3907316,Down the Line,Forehand,,,,,,,,,,60.74750656,282.4554353,,,,,,,,,,,,,,,,,,,,,1,,
30-0,3-2,0-0,,1062000,1,1050000,,,7,Ad,Player2,Far,,,,,,,,,,38.52204724,522.3421588,Crosscourt,Backhand,,,,,,,,,,-45.5261811,12.59184711,,,,1,,,,,,,,,,,,,,,,,,1,
30-15,3-2,0-0,1,1087000,,,,,1,Ad,Player2,Far,0,T,-41.97531168,-268.8167268,1,Wide,-124.4364829,-183.3826225,,16.33184055,434.450935,,,,,,,,,,,,,,,,,,,,,,,,,,,,,,,,,,,1,
30-15,3-2,0-0,,1098000,1,1086000,,,2,Ad,Player2,Far,,,,,,,,,,-192.8539808,-453.6128226,Down the Line,Backhand,,,,,,,,,,-44.78794291,-23.9091262,,,,1,,,,,,,,,,,,,,,,,1,,
40-15,3-2,0-0,1,1124000,,,,,1,Deuce,Player2,Far,1,Wide,134.4680173,-238.2826717,,,,,,-39.66662839,466.5851378,,,,,,,,,,,,,,,,,,,,,,,,,,,,,,,,,,,1,
40-15,3-2,0-0,,1124000,,,,,2,Deuce,Player2,Far,,,,,,,,,,184.2190781,-486.7914753,Down the Line,Forehand,,,,,,,,,,23.2802056,299.6863134,,,,,,,,,,,,,,,,,,,,,,1,
40-15,3-2,0-0,,1126000,,,,,3,Deuce,Player2,Far,,,,,,,,,,-10.89612314,513.6783191,Down the Line,Forehand,,,,,,,,,,-119.2876859,-270.7271052,,,,,,,,,,,,,,,,,,,,,1,,
40-15,3-2,0-0,,1127000,,,,,4,Ad,Player2,Far,,,,,,,,,,-175.9446249,-530.911379,Down the Line,Backhand,,,,,,,,,,-60.70854112,280.1942913,,,,,,,,,,,,,,,,,,,,,,1,
40-15,3-2,0-0,,1128000,1,1116000,,,5,Deuce,Player2,Far,,,,,,,,,,-60.70854112,326.4624234,Crosscourt,Forehand,,1,,,,,,,,115.810537,-337.7963911,1,,,,,,,,,,,,,,,,,,,,,1,
0-0,3-3,0-0,1,1157000,,,,,1,Deuce,Player1,Near,0,T,-36.71505359,277.049229,1,T,-44.30520013,178.4607283,,45.95828412,-462.673972,,,1,,,,,,,,,,,,,,,,,,,,,,,,,,,,,,,,,
0-0,3-3,0-0,,1167000,,,,,2,Deuce,Player1,Near,,,,,,,,,,-89.44827209,492.106507,Down the Line,Forehand,,,,,,,,,,-79.58347003,-496.8694773,,,,,1,,,,,,,,,,,,,,,,,1,
0-0,3-3,0-0,,1168000,,,,,3,Ad,Player1,Near,,,,,,,,,,-79.58347003,-516.9740759,Crosscourt,Backhand,,,,,,,,,,80.62619751,209.0471839,,,,,,,,,,,,,,,,,,,,,1,,
0-0,3-3,0-0,,1170000,1,1158000,,,4,Ad,Player1,Near,,,,,,,,,,63.28359033,220.6393263,Crosscourt,Backhand,1,,,,,,,,,-0.9755139982,-294.5967301,1,,,,,,,,,,,,,,,,,,,,,,
15-0,3-3,0-0,1,1194000,,,,,1,Ad,Player1,Near,0,Wide,130.8401739,246.651706,,,,,,-19.40279965,-478.9183126,,,,,,,,,,,,,,,,,,,,,,,,,,,,,,,,,,,1,
15-0,3-3,0-0,,1195000,,,,,2,Ad,Player1,Near,,,,,,,,,,152.9639709,551.199743,Crosscourt,Backhand,,,,,,,,,,-50.42832458,-326.1159449,,,,,,,,,,,,,,,,,,,,,,1,
15-0,3-3,0-0,,1197000,,,,,3,Ad,Player1,Near,,,,,,,,,,-56.04861111,-504.5717356,Crosscourt,Forehand,,,,,,,,,,142.0020122,454.4839567,,,,,,,,,,,,,,,,,,,,,1,,
15-0,3-3,0-0,,1198000,,,,,4,Ad,Player1,Near,,,,,,,,,,140.2948436,515.0295166,Crosscourt,Backhand,,,,,,,,,,-61.00361439,-163.8375109,,,,,,,,,,,,,,,,,,,,,1,,
15-0,3-3,0-0,,1200000,,,,,5,Ad,Player1,Near,,,,,,,,,,-88.65560477,-360.3511811,Crosscourt,Forehand,,,,,,,,,,108.0182524,345.9383694,,,,,,,,,,,,,,,,,,,,,1,,
15-0,3-3,0-0,,1201000,1,1189000,,,6,Ad,Player1,Near,,,,,,,,,,159.5875601,493.1793963,Down the Line,Backhand,,,,,,,,,,135.1573764,-418.0994587,1,,,,,,,,,,,,,,,,,,,,1,,
15-15,3-3,0-0,1,1225000,,,,,1,Deuce,Player1,Near,1,Wide,-123.8162511,201.8673611,,,,,,30.76834536,-416.1341535,,,1,,,,,,,,,,,,,,,,,,,,,,,,,,,,,,,,,
15-15,3-3,0-0,,1226000,,,,,2,Deuce,Player1,Near,,,,,,,,,,-215.1919729,559.8338036,Down the Line,Forehand,,,,,,,,,,-108.417897,-310.4578467,,,,,,,,,,,,,,,,,,,,,1,,
15-15,3-3,0-0,,1228000,,,,,3,Ad,Player1,Near,,,,,,,,,,-110.3869149,-495.4947014,Crosscourt,Backhand,,,,,,,,,,84.57705599,245.5267607,,,,,,,,,,,,,,,,,,,,,1,,
15-15,3-3,0-0,,1229000,,,,,4,Ad,Player1,Near,,,,,,,,,,127.9987587,500.4968996,Down the Line,Backhand,1,,,,,,,,,20.96700569,-342.6949366,,,,,,,,,,,,,,,,,,,,,,,
15-15,3-3,0-0,,1231000,,,,,5,Deuce,Player1,Near,,,,,,,,,,9.203001968,-471.2550962,Crosscourt,Forehand,,,,,,,,,,-78.84002625,247.1891842,,,,,,,,,,,,,,,,,,,,,1,,
15-15,3-3,0-0,,1232000,,,,,6,Deuce,Player1,Near,,,,,,,,,,-100.6726925,550.907885,Down the Line,Forehand,,,,,,,,,,-59.54344379,-358.5994204,,,,,,,,,,,,,,,,,,,,,1,,
15-15,3-3,0-0,,1234000,,,,,7,Ad,Player1,Near,,,,,,,,,,-73.34364064,-490.7932032,Crosscourt,Backhand,,,,,,,,,,60.46246172,247.464124,,,,,,,,,,,,,,,,,,,,,1,,
15-15,3-3,0-0,,1235000,,,,,8,Ad,Player1,Near,,,,,,,,,,100.3748633,499.5144576,Crosscourt,Backhand,,,,,,,,,,-65.16989283,-342.7930392,,,,,,,,,,,,,,,,,,,,,,1,
15-15,3-3,0-0,,1237000,,,,,9,Ad,Player1,Near,,,,,,,,,,-73.37682633,-501.6398731,Crosscourt,Forehand,,,,,,,,,,117.3262467,300.3732994,,,,,,,,,,,,,,,,,,,,,1,,
15-15,3-3,0-0,,1238000,,,,,10,Ad,Player1,Near,,,,,,,,,,142.6404254,494.0881179,Crosscourt,Backhand,,,,,,,,,,-114.4950131,-305.9168034,,,,,,,,,,,,,,,,,,,,,,1,
15-15,3-3,0-0,,1240000,,,,,11,Ad,Player1,Near,,,,,,,,,,-136.0272474,-517.5989009,Crosscourt,Forehand,,,,,,,,,,72.27656934,246.5642443,,,,,,,,,,,,,,,,,,,,,1,,
15-15,3-3,0-0,,1241000,,,,,12,Ad,Player1,Near,,,,,,,,,,142.7078303,500.0871118,Crosscourt,Backhand,,,,,,,,,,-122.6846839,-392.2767388,,,,,,,,,,,,,,,,,,,,,,1,
15-15,3-3,0-0,,1242000,,,,,13,Ad,Player1,Near,,,,,,,,,,-123.5317038,-493.4301455,Crosscourt,Forehand,,,,,,,,,,101.4347386,222.7734307,,,,,,,,,,,,,,,,,,,,,1,,
15-15,3-3,0-0,,1244000,,,,,14,Ad,Player1,Near,,,,,,,,,,153.0469926,489.8940125,Down the Line,Backhand,1,,,,,,,,,39.45790682,-192.8616743,,,,,,,,,,,,,,,,,,,,,,,
15-15,3-3,0-0,,1245000,,,,,15,Deuce,Player1,Near,,,,,,,,,,0.9559164479,-348.9398185,Crosscourt,Forehand,1,,,,,,,,,-93.83720472,211.1886756,,,,,,,,,,,,,,,,,,,,,,,
15-15,3-3,0-0,,1247000,1,1235000,,,16,Deuce,Player1,Near,,,,,,,,,,-135.7428915,455.5413823,Crosscourt,Forehand,1,,,,,,,,,70.45346129,-444.5346402,1,,,,,,,,,,,,,,,,,,,,,,
15-30,3-3,0-0,1,1273000,,,,,1,Ad,Player1,Near,1,Body,92.41630577,212.2661199,,,,,,-12.36295385,-441.8426181,,,1,,,,,,,,,,,,,,,,,,,,,,,,,,,,,,,,,
15-30,3-3,0-0,,1274000,,,,,2,Ad,Player1,Near,,,,,,,,,,140.3184602,529.7832951,Crosscourt,Backhand,,,,,,,,,,-76.07631234,-314.7197014,,,,,,,,,,,,,,,,,,,,,,1,
15-30,3-3,0-0,,1275000,,,,,3,Ad,Player1,Near,,,,,,,,,,-82.39568023,-498.6822124,Crosscourt,Forehand,,,,,,,,,,43.97896982,366.1010335,,,,,,,,,,,,,,,,,,,,,1,,
15-30,3-3,0-0,,1276000,,,,,4,Ad,Player1,Near,,,,,,,,,,58.37608815,537.8894849,Down the Line,Forehand,,,,,,,,,,129.6754593,-303.0018591,,,,,,,,,,,,,,,,,,,,,1,,
15-30,3-3,0-0,,1278000,,,,,5,Deuce,Player1,Near,,,,,,,,,,139.7474902,-539.2381562,Crosscourt,Forehand,,,,,,,,,,-51.73883421,221.172862,,,,,,,,,,,,,,,,,,,,,1,,
15-30,3-3,0-0,,1279000,,,,,6,Deuce,Player1,Near,,,,,,,,,,-125.4943296,475.3925142,Down the Line,Forehand,,,,,,,,,,-122.4084044,-296.4561625,,,,,,,,,,,,,,,,,,,,,1,,
15-30,3-3,0-0,,1280000,,,,,7,Ad,Player1,Near,,,,,,,,,,-133.2869969,-570.6235947,Down the Line,Backhand,,,,,,,,,,-78.42629593,277.4206255,,,,,,,,,,,,,,,,,,,,,,1,
15-30,3-3,0-0,,1282000,1,1270000,,,8,Deuce,Player1,Near,,,,,,,,,,-73.83442148,379.9721949,Crosscourt,Forehand,,,,,,,,,,85.14817913,-85.75643045,1,,,,,,,,,,,,,,,,,,,,1,,
30-30,3-3,0-0,1,1318000,,,,,1,Deuce,Player1,Near,1,Body,-56.557535,207.7594105,,,,,,36.87022638,-470.6814851,,,1,,,,,,,,,,,,,,,,,,,,,,,,,,,,,,,,,
30-30,3-3,0-0,,1319000,,,,,2,Deuce,Player1,Near,,,,,,,,,,-126.1891623,576.1910597,Down the Line,Backhand,,,,,,,,,,-9.526246719,-336.2698108,,,,,,,,,,,,,,,,,,,,,1,,
30-30,3-3,0-0,,1320000,,,,,3,Deuce,Player1,Near,,,,,,,,,,6.187467192,-464.2296424,Down the Line,Forehand,,,,,,,,,,49.73016185,350.7174541,,,,,,,,,,,,,,,,,,,,,1,,
30-30,3-3,0-0,,1322000,1,1310000,,,4,Ad,Player1,Near,,,,,,,,,,49.79083005,550.4099847,Down the Line,Backhand,,,,,,,,,,90.49547791,161.0240759,,,,1,,,,,,,,,,,,,,,,,,1,
40-30,3-3,0-0,1,1344000,,,,,1,Ad,Player1,Near,1,T,24.65180446,211.2861658,,,,,,-17.8324311,-481.408388,,,,,,,,,,,,,,,,,,,,,,,,,,,,,,,,,,,1,
40-30,3-3,0-0,,1346000,1,1334000,,,2,Ad,Player1,Near,,,,,,,,,,17.16971238,546.8168963,Crosscourt,Forehand,,,,,,,,,,-217.5854003,-444.3468941,,,,1,,,,,,,,,,,,,,,,,1,,
0-0,4-3,0-0,1,1429000,,,,,1,Deuce,Player2,Near,0,Wide,-152.4491907,-222.8564906,1,T,-5.866021435,171.76361,,17.63105862,-447.3636155,,,1,,,,,,,,,,,,,,,,,,,,,,,,,,,,,,,,,
0-0,4-3,0-0,,1439000,,,,,2,Deuce,Player2,Near,,,,,,,,,,-1.085979878,486.1183454,Crosscourt,Backhand,,,,,,,,,,89.09168854,-325.7389217,,,,,,,,,,,,,,,,,,,,,1,,
0-0,4-3,0-0,,1440000,,,,,3,Deuce,Player2,Near,,,,,,,,,,90.12718176,-480.6531934,Down the Line,Forehand,,,,,,,,,,96.1442804,277.9104878,,,,,,,,,,,,,,,,,,,,,1,,
0-0,4-3,0-0,,1441000,,,,,4,Ad,Player2,Near,,,,,,,,,,81.54062227,528.7835138,Crosscourt,Backhand,,,,,,,,,,-47.4009241,-351.7498469,,,,,,,,,,,,,,,,,,,,,,1,
0-0,4-3,0-0,,1442000,,,,,5,Ad,Player2,Near,,,,,,,,,,-54.54717848,-512.280386,Down the Line,Forehand,,,,,,,,,,-90.65199038,-13.95758968,,,,1,,,,,,,,,,,,,,,,,1,,
0-0,4-3,0-0,,1448000,1,1436000,,,6,Deuce,Player2,Near,,,,,,,,,,-97.92126531,331.6837544,Down the Line,Backhand,,1,,,,,,,,-71.43368329,-173.2515311,1,,,,,,,,,,,,,,,,,,,,,1,
0-15,4-3,0-0,1,1464000,,,,,1,Ad,Player2,Near,0,Body,104.3937391,-53.21155949,1,Wide,107.1239228,180.8876859,,-44.89553806,-473.1301072,,,,,,,,,,,,,,,,,1,,,,,,,,,,,,,,,,,,1,
0-15,4-3,0-0,,1473000,,,,,2,Ad,Player2,Near,,,,,,,,,,173.8984033,551.8306157,Crosscourt,Backhand,,,,,,,,,,-55.71713692,-273.1957458,,,,,,,,,,,,,,,,,,,,,,1,
0-15,4-3,0-0,,1475000,,,,,3,Ad,Player2,Near,,,,,,,,,,-107.8553478,-494.2785816,Crosscourt,Backhand,,,,,,,,,,16.03550416,280.8154801,,,,,,,,,,,,,,,,,,,,,1,,
0-15,4-3,0-0,,1476000,,,,,4,Ad,Player2,Near,,,,,,,,,,38.83028762,514.9423611,Down the Line,Forehand,,,,,,,,,,133.2801072,-260.6369313,,,,,,,,,,,,,,,,,,,,,,1,
0-15,4-3,0-0,,1477000,,,,,5,Deuce,Player2,Near,,,,,,,,,,149.8475776,-511.424907,Down the Line,Forehand,,,,,,,,,,134.6963747,297.2164862,,,,,,,,,,,,,,,,,,,,,,1,
0-15,4-3,0-0,,1479000,,,,,6,Ad,Player2,Near,,,,,,,,,,133.4440453,516.1716481,Crosscourt,Backhand,,,,,,,,,,-35.70218176,-171.190152,,,,,,,,,,,,,,,,,,,,,1,,
0-15,4-3,0-0,,1480000,,,,,7,Ad,Player2,Near,,,,,,,,,,-89.07744969,-429.1884952,Down the Line,Backhand,,,,,,,,,,-121.3371227,315.3528707,,,,,,,,,,,,,,,,,,,,,,1,
0-15,4-3,0-0,,1482000,,,,,8,Deuce,Player2,Near,,,,,,,,,,-129.8437609,480.8932633,Crosscourt,Forehand,,,,,,,,,,79.80149278,-271.664381,,,,,,,,,,,,,,,,,,,,,1,,
0-15,4-3,0-0,,1483000,,,,,9,Deuce,Player2,Near,,,,,,,,,,129.368061,-504.6941054,Crosscourt,Forehand,,,,,,,,,,-157.0450842,315.027827,,,,,,,,,,,,,,,,,,,,,,1,
0-15,4-3,0-0,,1484000,1,1472000,,,10,Deuce,Player2,Near,,,,,,,,,,-204.747512,565.7630195,Down the Line,Forehand,,,,,,,,,,-66.29985236,-478.4677603,,,,,1,,,,,,,,,,,,,,,,1,,
15-15,4-3,0-0,1,1512000,,,,,1,Deuce,Player2,Near,1,T,-33.12992673,162.8470308,,,,,,22.92339239,-459.7518701,,,,,,,,,,,,,,,,,,,,,,,,,,,,,,,,,,,1,
15-15,4-3,0-0,,1513000,1,1501000,,,2,Deuce,Player2,Near,,,,,,,,,,-60.68833115,518.1685313,Down the Line,Backhand,,,,,,,,,,-30.23496282,-33.60470801,1,,,,,,,,,,,,,,,,,,,,1,,
30-15,4-3,0-0,1,1535000,,,,,1,Ad,Player2,Near,1,Wide,109.7591426,188.1938211,,,,,,-25.82268154,-429.2698327,,,1,,,,,,,,,,,,,,,,,,,,,,,,,,,,,,,,,
30-15,4-3,0-0,,1535000,,,,,2,Ad,Player2,Near,,,,,,,,,,174.4039972,522.040923,Down the Line,Backhand,,,,,,,,,,72.06662292,-328.6420002,,,,,,,,,,,,,,,,,,,,,1,,
30-15,4-3,0-0,,1537000,,,,,3,Deuce,Player2,Near,,,,,,,,,,38.47014436,-469.1600722,Down the Line,Forehand,,,,,,,,,,106.5060641,306.3626859,,,,,,,,,,,,,,,,,,,,,1,,
30-15,4-3,0-0,,1538000,,,,,4,Ad,Player2,Near,,,,,,,,,,82.16116032,501.5688703,Crosscourt,Backhand,,,,,,,,,,-11.8274661,-224.1537183,,,,,,,,,,,,,,,,,,,,,1,,
30-15,4-3,0-0,,1539000,,,,,5,Ad,Player2,Near,,,,,,,,,,-49.9644521,-482.6677603,Crosscourt,Forehand,,,,,,,,,,49.68262248,301.8126859,,,,,,,,,,,,,,,,,,,,,1,,
30-15,4-3,0-0,,1541000,1,1529000,,,6,Ad,Player2,Near,,,,,,,,,,71.35280512,509.5608815,Down the Line,Forehand,,,,,,,,,,89.75685696,175.1874016,,,,1,,,,,,,,,,,,,,,,,1,,
40-15,4-3,0-0,1,1561000,,,,,1,Deuce,Player2,Near,1,T,-11.77024278,183.0082404,,,,,,23.20583443,-460.7015092,,,,,,,,,,,,,,,,,,,,,,,,,,,,,,,,,,,1,
40-15,4-3,0-0,,1562000,,,,,2,Deuce,Player2,Near,,,,,,,,,,-31.64273294,529.9076936,Crosscourt,Backhand,1,,,,,,,,,91.64204943,-256.4127789,,,,,,,,,,,,,,,,,,,,,,,
40-15,4-3,0-0,,1564000,,,,,3,Deuce,Player2,Near,,,,,,,,,,91.64204943,-276.5173775,Crosscourt,Forehand,,,1,,,,,,,-63.03023841,194.3721402,,,,,,,,,,,,,,,,,,,,,,1,
40-15,4-3,0-0,,1565000,,,,,4,Deuce,Player2,Near,,,,,,,,,,-200.5371391,552.4709427,Crosscourt,Forehand,,,,,,,,,,31.28484799,-96.9010444,,,,,,,,,,,,,,,,,,,,,1,,
40-15,4-3,0-0,,1566000,,,,,5,Deuce,Player2,Near,,,,,,,,,,31.28484799,-117.005643,Down the Line,Forehand,,1,,,,,,,,149.1564195,255.5978729,,,,,,,,,,,,,,,,,,,,,,1,
40-15,4-3,0-0,,1568000,1,1556000,,,6,Ad,Player2,Near,,,,,,,,,,175.7003828,477.1600831,Crosscourt,Backhand,,,,,,,,,,-205.2955545,-432.5760389,,1,,,,,,,,,,,,,,,,,,,1,,
0-0,4-4,0-0,1,1601000,,,,,1,Deuce,Player1,,,T,29.93407152,-181.9839622,,,,,,-49.01971238,509.7023895,,,1,,,,,,,,,,,,,,,,,,,,,,,,,,,,,,,,,
0-0,4-4,0-0,,1602000,,,,,2,Deuce,Player1,,,,,,,,,,,84.64832677,-484.469089,Crosscourt,Backhand,,,,,,,,,,-60.58590332,252.2750164,,,,,,,,,,,,,,,,,,,,,1,,
0-0,4-4,0-0,,1603000,,,,,3,Deuce,Player1,,,,,,,,,,,-106.7580763,505.593143,Down the Line,Forehand,,,,,,,,,,-96.75234033,-243.1262139,,,,,,,,,,,,,,,,,,,,,1,,
0-0,4-4,0-0,,1604000,,,,,4,Ad,Player1,,,,,,,,,,,-90.0596238,-532.3800853,Down the Line,Backhand,1,,,,,,,,,-81.62157699,198.1097988,,,,,,,,,,,,,,,,,,,,,,,
0-0,4-4,0-0,,1606000,1,1594000,,,5,Deuce,Player1,,,,,,,,,,,-91.33063211,318.0778106,Down the Line,Forehand,,,,,,,,,,-127.3508147,-366.4316273,1,,,,,,,,,,,,,,,,,,,,1,,
15-0,4-4,0-0,1,1637000,,,,,1,Ad,Player1,,,Wide,-145.7944444,-173.7557852,,,,,,13.9941437,444.0765092,,,,,,,,,,,,,,,,,,,,,,,,,,,,,,,,,,,1,
15-0,4-4,0-0,,1638000,,,,,2,Ad,Player1,,,,,,,,,,,-214.3065234,-534.6974573,Crosscourt,Backhand,,,,,,,,,,70.1624836,227.721238,,,,,,,,,,,,,,,,,,,,,,1,
15-0,4-4,0-0,,1639000,,,,,3,Ad,Player1,,,,,,,,,,,151.1604221,490.0225831,Crosscourt,Backhand,,,,,,,,,,-74.16195319,-256.964381,,,,,,,,,,,,,,,,,,,,,,1,
15-0,4-4,0-0,,1641000,,,,,4,Ad,Player1,,,,,,,,,,,-132.1839458,-527.1768591,Crosscourt,Backhand,,,,,,,,,,34.17950569,225.031168,,,,,,,,,,,,,,,,,,,,,1,,
15-0,4-4,0-0,,1642000,,,,,5,Ad,Player1,,,,,,,,,,,98.61644248,490.6727089,Crosscourt,Backhand,,,,,,,,,,-54.36364283,-215.2799705,,,,,,,,,,,,,,,,,,,,,,1,
15-0,4-4,0-0,,1644000,,,,,6,Ad,Player1,,,,,,,,,,,-107.7841153,-487.4178696,Crosscourt,Backhand,,,,,,,,,,93.27687555,389.5773294,,,,,,,,,,,,,,,,,,,,,,1,
15-0,4-4,0-0,,1645000,,,,,7,Ad,Player1,,,,,,,,,,,121.6959263,487.0487314,Crosscourt,Backhand,,,,,,,,,,-21.57357283,-316.3621829,,,,,,,,,,,,,,,,,,,,,1,,
15-0,4-4,0-0,,1646000,,,,,8,Ad,Player1,,,,,,,,,,,-40.99776903,-530.0998031,Down the Line,Forehand,,,,,,,,,,-76.29410542,365.0832622,,,,,,,,,,,,,,,,,,,,,1,,
15-0,4-4,0-0,,1647000,,,,,9,Deuce,Player1,,,,,,,,,,,-80.32159339,512.37646,Crosscourt,Forehand,,,,,,,,,,49.56970691,-267.7451772,,,,,,,,,,,,,,,,,,,,,1,,
15-0,4-4,0-0,,1648000,,,,,10,Deuce,Player1,,,,,,,,,,,79.92405402,-486.9938812,Crosscourt,Forehand,,,,,,,,,,-71.18997703,308.5413441,,,,,,,,,,,,,,,,,,,,,,1,
15-0,4-4,0-0,,1649000,,,,,11,Deuce,Player1,,,,,,,,,,,-110.1742892,500.8593777,Down the Line,Forehand,,,,,,,,,,-93.56023622,-341.9093504,,,,,,,,,,,,,,,,,,,,,1,,
15-0,4-4,0-0,,1651000,,,,,12,Ad,Player1,,,,,,,,,,,-96.57990486,-514.4128828,Crosscourt,Backhand,,,,,,,,,,92.25764982,347.9287456,,,,,,,,,,,,,,,,,,,,,,1,
15-0,4-4,0-0,,1652000,1,1640000,,,13,Ad,Player1,,,,,,,,,,,114.8133968,511.825432,Down the Line,Backhand,,,,,,,,,,107.2005523,220.0286253,1,,,,,,,,,,,,,,,,,,,,,1,
30-0,4-4,0-0,1,1681000,,,,,1,Deuce,Player1,,,Body,68.04411089,-163.7768427,,,,,,-47.22890967,494.6146872,,,,,,,,,,,,,,,,,,,,,,,,,,,,,,,,,,,1,
30-0,4-4,0-0,,1682000,,,,,2,Deuce,Player1,,,,,,,,,,,164.6342738,-501.5586122,Down the Line,Forehand,,,,,,,,,,53.42858705,346.8883913,,,,,,,,,,,,,,,,,,,,,,1,
30-0,4-4,0-0,,1683000,,,,,3,Ad,Player1,,,,,,,,,,,35.00960739,528.3251914,Crosscourt,Backhand,,,,,,,,,,-76.96099628,-417.5974245,,,,,,,,,,,,,,,,,,,,,1,,
30-0,4-4,0-0,,1684000,,,,,4,Ad,Player1,,,,,,,,,,,-101.2708005,-541.1599027,Down the Line,Backhand,,,,,,,,,,-115.9206201,419.4242071,,,,,,,,,,,,,,,,,,,,,,1,
30-0,4-4,0-0,,1686000,,,,,5,Deuce,Player1,,,,,,,,,,,-116.423879,551.6577209,Down the Line,Forehand,,,,,,,,,,-74.58065945,-312.4814086,,,,,,,,,,,,,,,,,,,,,1,,
30-0,4-4,0-0,,1687000,,,,,6,Ad,Player1,,,,,,,,,,,-50.82494532,-462.0828685,Crosscourt,Backhand,,,,,,,,,,67.28237095,335.4232885,,,,,,,,,,,,,,,,,,,,,1,,
30-0,4-4,0-0,,1688000,,,,,7,Ad,Player1,,,,,,,,,,,86.17486877,510.8825295,Crosscourt,Backhand,,,,,,,,,,-56.47619751,-374.6564742,,,,,,,,,,,,,,,,,,,,,1,,
30-0,4-4,0-0,,1690000,,,,,8,Ad,Player1,,,,,,,,,,,-46.9562664,-504.8033465,Crosscourt,Forehand,,,,,,,,,,137.2319991,373.5775755,,,,,,,,,,,,,,,,,,,,,1,,
30-0,4-4,0-0,,1691000,,,,,9,Ad,Player1,,,,,,,,,,,150.4095527,496.689463,Crosscourt,Backhand,,,,,,,,,,-49.71297572,-298.5219816,,,,,,,,,,,,,,,,,,,,,1,,
30-0,4-4,0-0,,1692000,,,,,10,Ad,Player1,,,,,,,,,,,-81.86972332,-506.3431321,Crosscourt,Forehand,,,,,,,,,,164.4355042,424.0513725,,,,,,,,,,,,,,,,,,,,,1,,
30-0,4-4,0-0,,1694000,,,,,11,Ad,Player1,,,,,,,,,,,173.5121172,550.0782426,Down the Line,Backhand,,,,,,,,,,69.92432743,-355.9975011,,,,,,,,,,,,,,,,,,,,,1,,
30-0,4-4,0-0,,1695000,,,,,12,Deuce,Player1,,,,,,,,,,,25.43540026,-461.9121172,Crosscourt,Forehand,,,,,,,,,,-100.8868493,260.9791612,,,,,,,,,,,,,,,,,,,,,1,,
30-0,4-4,0-0,,1697000,,,,,13,Deuce,Player1,,,,,,,,,,,-151.3506179,509.3429735,Crosscourt,Forehand,,,,,,,,,,55.64563648,-318.4798283,,,,,,,,,,,,,,,,,,,,,1,,
30-0,4-4,0-0,,1698000,1,1686000,,,14,Deuce,Player1,,,,,,,,,,,78.5437664,-493.1802384,Crosscourt,Forehand,,,,,,,,,,-58.43966535,-13.5096402,,,,1,,,,,,,,,,,,,,,,,1,,
40-0,4-4,0-0,1,1731000,,,,,1,Ad,Player1,,,Body,-98.19543963,-144.1513123,,,,,,13.35098425,507.4147966,,,,,,,,,,,,,,,,,,,,,,,,,,,,,,,,,,,1,
40-0,4-4,0-0,,1732000,,,,,2,Ad,Player1,,,,,,,,,,,-201.6662566,-523.9892334,Crosscourt,Backhand,,,,,,,,,,70.9416776,329.3472058,,,,,,,,,,,,,,,,,,,,,,1,
40-0,4-4,0-0,,1733000,,,,,3,Ad,Player1,,,,,,,,,,,113.5594215,490.7481135,Down the Line,Backhand,,,,,,,,,,128.2179681,-381.7289698,,,,,,,,,,,,,,,,,,,,,1,,
40-0,4-4,0-0,,1734000,1,1722000,,,4,Deuce,Player1,,,,,,,,,,,120.7031496,-483.4938812,Down the Line,Forehand,,,,,,,,,,84.71975066,-159.2632054,,,,1,,,,,,,,,,,,,,,,,,1,
0-0,5-4,0-0,1,1825000,,,,,1,Deuce,Player2,Far,1,Wide,137.1535324,-150.3538222,,,,,,-38.92984471,509.3774989,,,,,,,,,,,,,,,,,,,,,,,,,,,,,,,,,,,1,
0-0,5-4,0-0,,1826000,,,,,2,Deuce,Player2,Far,,,,,,,,,,183.1492126,-472.1950131,Crosscourt,Forehand,,,,,,,,,,-47.89331255,349.8053259,,,,,,,,,,,,,,,,,,,,,1,,
0-0,5-4,0-0,,1828000,,,,,3,Deuce,Player2,Far,,,,,,,,,,-73.13055556,560.2311133,Crosscourt,Forehand,,,,,,,,,,122.6322452,-267.2959646,,,,,,,,,,,,,,,,,,,,,1,,
0-0,5-4,0-0,,1829000,,,,,4,Deuce,Player2,Far,,,,,,,,,,158.4617727,-500.6158246,Down the Line,Forehand,,,,,,,,,,23.77695757,270.1225284,,,,,,,,,,,,,,,,,,,,,1,,
0-0,5-4,0-0,,1830000,,,,,5,Deuce,Player2,Far,,,,,,,,,,-11.38870297,555.8037128,Down the Line,Forehand,,,,,,,,,,-83.13112423,-271.3032426,,,,,,,,,,,,,,,,,,,,,1,,
0-0,5-4,0-0,,1831000,,,,,6,Ad,Player2,Far,,,,,,,,,,-96.43587052,-551.0977362,Crosscourt,Backhand,,,,,,,,,,107.8708115,300.6922572,,,,,,,,,,,,,,,,,,,,,1,,
0-0,5-4,0-0,,1833000,1,1821000,,,7,Ad,Player2,Far,,,,,,,,,,148.9800416,487.600946,Down the Line,Backhand,,,,,,,,,,109.7974191,208.0678806,,,,1,,,,,,,,,,,,,,,,,1,,
0-15,5-4,0-0,1,1853000,,,,,1,Ad,Player2,Far,1,Wide,-116.9721129,-235.8328631,,,,,,29.14879156,445.7487697,,,,,,,,,,,,,,,,,,,,,,,,,,,,,,,,,,,1,
0-15,5-4,0-0,,1854000,,,,,2,Ad,Player2,Far,,,,,,,,,,-175.0036363,-528.8453685,Down the Line,Backhand,,,,,,,,,,-0.3416557305,320.3331365,,,,,,,,,,,,,,,,,,,,,,1,
0-15,5-4,0-0,,1855000,,,,,3,Ad,Player2,Far,,,,,,,,,,8.632491251,526.8500164,Crosscourt,Forehand,,,,,,,,,,-141.9360619,-292.9538659,,,,,,,,,,,,,,,,,,,,,1,,
0-15,5-4,0-0,,1856000,1,1844000,,,4,Ad,Player2,Far,,,,,,,,,,-179.3441492,-498.9739939,Down the Line,Backhand,,,,,,,,,,-97.63667979,-19.89338911,,,,1,,,,,,,,,,,,,,,,,,1,
15-15,5-4,0-0,1,1880000,,,,,1,Deuce,Player2,Far,0,T,36.92052165,236.9492727,1,Body,73.20955818,-150.9510116,,-24.47998141,483.8583497,,,,,,,,,,,,,,,,,1,,,,,,,,,,,,,,,,,,1,
15-15,5-4,0-0,,1891000,,,,,2,Deuce,Player2,Far,,,,,,,,,,79.51235236,-399.8521872,Crosscourt,Forehand,,,,,,,,,,-38.39833771,419.923715,,,,,,,,,,,,,,,,,,,,,1,,
15-15,5-4,0-0,,1892000,,,,,3,Deuce,Player2,Far,,,,,,,,,,-51.07401028,409.6002461,Down the Line,Forehand,,,,,,,,,,-97.24426947,-337.3710247,,,,,,,,,,,,,,,,,,,,,1,,
15-15,5-4,0-0,,1894000,,,,,4,Ad,Player2,Far,,,,,,,,,,-85.15422682,-501.4614283,Crosscourt,Forehand,,,,,,,,,,93.24495297,190.5691437,,,,,,,,,,,,,,,,,,,,,1,,
15-15,5-4,0-0,,1895000,,,,,5,Ad,Player2,Far,,,,,,,,,,184.5643701,499.2703303,Down the Line,Backhand,1,,,,,,,,,89.23465114,-434.5855534,,,,,,,,,,,,,,,,,,,,,,,
15-15,5-4,0-0,,1898000,,,,,6,Deuce,Player2,Far,,,,,,,,,,72.92876203,-521.7228839,Crosscourt,Forehand,,,,,,,,,,-87.58550962,283.4480971,,,,,,,,,,,,,,,,,,,,,1,,
15-15,5-4,0-0,,1899000,,,,,7,Deuce,Player2,Far,,,,,,,,,,-136.4471785,522.0689797,Down the Line,Forehand,,,,,,,,,,-37.85798885,-242.1202318,,,,,,,,,,,,,,,,,,,,,1,,
15-15,5-4,0-0,,1900000,,,,,8,Ad,Player2,Far,,,,,,,,,,-27.55396435,-449.5155949,Crosscourt,Forehand,,,,,,,,,,105.0674814,404.5691492,,,,,,,,,,,,,,,,,,,,,1,,
15-15,5-4,0-0,,1901000,,,,,9,Ad,Player2,Far,,,,,,,,,,121.2972769,552.7596238,Crosscourt,Backhand,,,,,,,,,,-12.98291776,-22.87233158,,,,,,,,,,,,,,,,,,,,,1,,
15-15,5-4,0-0,,1902000,,,,,10,Ad,Player2,Far,,,,,,,,,,-12.98291776,-42.97689195,Down the Line,Forehand,,1,,,,,,,,-50.74475612,237.8809985,,,,,,,,,,,,,,,,,,,,,,1,
15-15,5-4,0-0,,1904000,1,1892000,,,11,Deuce,Player2,Far,,,,,,,,,,-125.5161089,490.621916,Crosscourt,Forehand,,,,,,,,,,10.1226706,-491.7702865,,,,,1,,,,,,,,,,,,,,,,,1,
15-30,5-4,0-0,1,1942000,,,,,1,Ad,Player2,Far,1,T,-43.52761374,-183.3107776,,,,,,24.76322725,444.5111767,,,,,,,,,,,,,,,,,,,,,,,,,,,,,,,,,,,1,
15-30,5-4,0-0,,1943000,,,,,2,Ad,Player2,Far,,,,,,,,,,-74.69625437,-527.1487259,Down the Line,Forehand,,,,,,,,,,-48.78251312,247.432278,,,,,,,,,,,,,,,,,,,,,,1,
15-30,5-4,0-0,,1944000,,,,,3,Deuce,Player2,Far,,,,,,,,,,-58.03274825,492.8286691,Down the Line,Forehand,,,,,,,,,,-144.1881726,-334.109334,,,,,,,,,,,,,,,,,,,,,1,,
15-30,5-4,0-0,,1945000,,,,,4,Ad,Player2,Far,,,,,,,,,,-169.6520122,-557.468586,Down the Line,Backhand,,,,,,,,,,-80.79109252,237.1485017,,,,,,,,,,,,,,,,,,,,,1,,
15-30,5-4,0-0,,1947000,,,,,5,Deuce,Player2,Far,,,,,,,,,,-66.61100175,491.971659,Crosscourt,Forehand,,,,,,,,,,75.59004812,-243.2068624,,,,,,,,,,,,,,,,,,,,,1,,
15-30,5-4,0-0,,1948000,,,,,6,Deuce,Player2,Far,,,,,,,,,,137.850432,-511.6098972,Down the Line,Forehand,,,,,,,,,,140.4637577,243.1047408,,,,,,,,,,,,,,,,,,,,,,1,
15-30,5-4,0-0,,1949000,,,,,7,Ad,Player2,Far,,,,,,,,,,157.6568187,282.8829451,Down the Line,Backhand,,,,,,,,,,92.58789917,-397.7017006,,,,,,,,,,,,,,,,,,,,,1,,
15-30,5-4,0-0,,1951000,1,1939000,,,8,Deuce,Player2,Far,,,,,,,,,,53.30464786,-473.6589731,Crosscourt,Forehand,,,,,,,,,,-59.95568132,183.2562336,1,,,,,,,,,,,,,,,,,,,,1,,
15-40,5-4,0-0,1,1976000,,,,1,1,Deuce,Player2,Far,1,T,46.47233705,-216.2678095,,,,,,-18.10182087,437.9525427,,,,,,,,,,,,,,,,,,,,,,,,,,,,,,,,,,,1,
15-40,5-4,0-0,,1976000,,,,1,2,Deuce,Player2,Far,,,,,,,,,,70.32768482,-504.6502789,Crosscourt,Backhand,,,,,,,,,,-37.96516295,284.0972277,,,,,,,,,,,,,,,,,,,,,1,,
15-40,5-4,0-0,,1978000,,,,1,3,Deuce,Player2,Far,,,,,,,,,,-71.77231518,485.1582951,Down the Line,Forehand,,,,,,,,,,-156.8001148,-312.7127898,,,,,,,,,,,,,,,,,,,,,,1,
15-40,5-4,0-0,,1979000,1,1967000,,1,4,Ad,Player2,Far,,,,,,,,,,-189.7581802,-536.0878882,Down the Line,Backhand,,,,,,,,,,-183.4108705,-466.5518755,,,,1,,,,,,,,,,,,,,,,,,1,
30-40,5-4,0-0,1,1998000,,,,1,1,Ad,Player2,Far,0,Body,-85.98383093,0.3508038058,1,Body,-89.55027887,-124.5805938,,34.39033246,492.755829,,,,,,,,,,,,,,,,,1,,,,,,,,,,,,,,,,,,1,
30-40,5-4,0-0,,2007000,,,,1,2,Ad,Player2,Far,,,,,,,,,,-118.5773513,-416.704358,Crosscourt,Backhand,,,,,,,,,,71.100257,283.8803915,,,,,,,,,,,,,,,,,,,,,1,,
30-40,5-4,0-0,,2008000,,,,1,3,Ad,Player2,Far,,,,,,,,,,125.4762631,519.6572561,Crosscourt,Backhand,,,,,,,,,,-75.6731846,-275.5835466,,,,,,,,,,,,,,,,,,,,,1,,
30-40,5-4,0-0,,2009000,,,,1,4,Ad,Player2,Far,,,,,,,,,,-123.9926673,-445.165245,Down the Line,Backhand,,,,,,,,,,-87.43225066,355.9780949,,,,,,,,,,,,,,,,,,,,,1,,
30-40,5-4,0-0,,2011000,,,,1,5,Deuce,Player2,Far,,,,,,,,,,-88.33021654,534.2046861,Down the Line,Forehand,,,,,,,,,,-85.76010499,-157.6789042,,,,,,,,,,,,,,,,,,,,,1,,
30-40,5-4,0-0,,2011000,,,,1,6,Ad,Player2,Far,,,,,,,,,,-85.76010499,-177.7835028,Down the Line,Backhand,,,,,,,,,,-52.27129812,393.3438101,,,,,,,,,,,,,,,,,,,,,,1,
30-40,5-4,0-0,,2013000,,,,1,7,Ad,Player2,Far,,,,,,,,,,-1.237631234,-61.20380031,Crosscourt,Forehand,,1,,,,,,,,96.842979,259.0770505,,,,,,,,,,,,,,,,,,,,,,1,
30-40,5-4,0-0,,2014000,,,,1,8,Ad,Player2,Far,,,,,,,,,,96.842979,305.3451826,Down the Line,Backhand,1,,,,,,,,,11.07024278,-101.1209482,,,,,,,,,,,,,,,,,,,,,,,
30-40,5-4,0-0,,2015000,,,,1,9,Deuce,Player2,Far,,,,,,,,,,11.07024278,-121.2255085,Down the Line,Forehand,,,1,,,,,,,9.028690945,150.7374672,,,,,,,,,,,,,,,,,,,,,,1,
30-40,5-4,0-0,,2016000,,,,1,10,Ad,Player2,Far,,,,,,,,,,21.6105479,393.9969215,Crosscourt,Backhand,,1,,,,,,,,-15.42629593,-327.7589239,,,,,,,,,,,,,,,,,,,,,,1,
30-40,5-4,0-0,,2017000,1,2005000,,1,11,Ad,Player2,Far,,,,,,,,,,-29.719264,-461.4134514,Down the Line,Forehand,,,,,,,,,,-83.65964567,228.9697397,1,,,,,,,,,,,,,,,,,,,,1,,
0-0,0-0,1-0,1,2142000,,,,,1,Deuce,Player1,Near,0,Body,-65.75402996,265.4585794,,,,,,40.23514873,-451.2279309,,,,,,,,,,,,,,,,,,,,,,,,,,,,,,,,,,,1,
0-0,0-0,1-0,,2143000,,,,,2,Deuce,Player1,Near,,,,,,,,,,-98.31103456,553.2005687,Crosscourt,Backhand,,,,,,,,,,77.87519138,-475.553505,,,,,1,,,,,,,,,,,,,,,,1,,
0-0,0-0,1-0,,2144000,,,,,3,Deuce,Player1,Near,,,,,,,,,,57.00073819,-498.7490814,Crosscourt,Forehand,,,,,,,,,,-18.86375219,273.0919018,,,,,,,,,,,,,,,,,,,,,1,,
0-0,0-0,1-0,,2146000,1,2134000,,,4,Deuce,Player1,Near,,,,,,,,,,-52.18031496,483.1394412,Down the Line,Forehand,1,,,,,,,,,-10.04669182,-184.7839622,1,,,,,,,,,,,,,,,,,,,,,,
15-0,0-0,1-0,1,2161000,,,,,1,Ad,Player1,Near,0,Wide,116.8012084,301.3121446,1,Body,83.50221457,170.6875055,,-17.07593504,-474.4318515,,,1,,,,,,,,,,,,,,,,,,,,,,,,,,,,,,,,,
15-0,0-0,1-0,,2172000,,,,,2,Ad,Player1,Near,,,,,,,,,,130.7978401,522.4349409,Crosscourt,Backhand,,,,,,,,,,-29.763014,-291.7112205,,,,,,,,,,,,,,,,,,,,,1,,
15-0,0-0,1-0,,2173000,1,2161000,,,3,Ad,Player1,Near,,,,,,,,,,-56.48993876,-505.9697069,Crosscourt,Backhand,,,,,,,,,,66.11597222,508.0549322,,,,,1,,,,,,,,,,,,,,,,1,,
15-15,0-0,1-0,1,2195000,,,,,1,Deuce,Player1,Near,1,Wide,-141.7881234,147.0131671,,,,,,48.7041612,-466.5309766,,,1,,,,,,,,,,,,,,,,,,,,,,,,,,,,,,,,,
15-15,0-0,1-0,,2197000,,,,,2,Deuce,Player1,Near,,,,,,,,,,-217.5484635,495.1974464,Down the Line,Forehand,1,,,,,,,,,-11.22243001,-322.9756671,,,,,,,,,,,,,,,,,,,,,,,
15-15,0-0,1-0,,2199000,,,,,3,Ad,Player1,Near,,,,,,,,,,-6.574557087,-448.9097933,Crosscourt,Forehand,,,,,,,,,,84.46919291,249.9283246,,,,,,,,,,,,,,,,,,,,,1,,
15-15,0-0,1-0,,2200000,,,,,4,Ad,Player1,Near,,,,,,,,,,120.7535597,571.24153,Crosscourt,Backhand,,,,,,,,,,-19.85492126,-159.9470527,,,,,,,,,,,,,,,,,,,,,1,,
15-15,0-0,1-0,,2201000,1,2189000,,,5,Ad,Player1,Near,,,,,,,,,,-19.85492126,-180.0516514,Down the Line,Backhand,,1,,,,,,,,-68.51227034,-23.53857174,,,,1,,,,,,,,,,,,,,,,,,1,
15-30,0-0,1-0,1,2220000,,,,,1,Ad,Player1,Near,1,Body,57.79642935,225.8105151,,,,,,-12.89327428,-441.048879,,,,,,,,,,,,,,,,,,,,,,,,,,,,,,,,,,,1,
15-30,0-0,1-0,,2221000,,,,,2,Ad,Player1,Near,,,,,,,,,,95.18576115,528.7814851,Down the Line,Forehand,,,,,,,,,,36.86773841,-327.2413495,,,,,,,,,,,,,,,,,,,,,,1,
15-30,0-0,1-0,,2222000,,,,,3,Deuce,Player1,Near,,,,,,,,,,16.68325678,-478.7116579,Crosscourt,Forehand,,,,,,,,,,-2.464162292,244.9374945,,,,,,,,,,,,,,,,,,,,,1,,
15-30,0-0,1-0,,2223000,,,,,4,Deuce,Player1,Near,,,,,,,,,,-107.259498,510.8567695,Crosscourt,Forehand,,,,,,,,,,138.4200241,-289.9762631,,,,,,,,,,,,,,,,,,,,,,1,
15-30,0-0,1-0,,2224000,1,2212000,,,5,Deuce,Player1,Near,,,,,,,,,,167.8325022,-520.6837161,Crosscourt,Forehand,,,,,,,,,,-169.1313758,392.0656824,,,1,,,,,,,,,,,,,,,,,,,1,
15-40,0-0,1-0,1,2245000,,,,1,1,Deuce,Player1,Near,1,Body,-76.02341426,214.0818023,,,,,,46.49901575,-464.7223371,,,1,,,,,,,,,,,,,,,,,,,,,,,,,,,,,,,,,
15-40,0-0,1-0,,2246000,,,,1,2,Deuce,Player1,Near,,,,,,,,,,-175.4385335,532.9620024,Down the Line,Forehand,,,,,,,,,,-41.92233705,-420.1994587,,,,,,,,,,,,,,,,,,,,,1,,
15-40,0-0,1-0,,2248000,,,,1,3,Ad,Player1,Near,,,,,,,,,,-42.60744751,-520.9580818,Crosscourt,Forehand,,,,,,,,,,135.3354768,292.2783246,,,,,,,,,,,,,,,,,,,,,1,,
15-40,0-0,1-0,,2249000,,,,1,4,Ad,Player1,Near,,,,,,,,,,163.6473152,500.280829,Crosscourt,Backhand,,,,,,,,,,-30.61558399,-260.5530293,,,,,,,,,,,,,,,,,,,,,1,,
15-40,0-0,1-0,,2250000,1,2238000,,1,5,Ad,Player1,Near,,,,,,,,,,-80.73195538,-495.0825022,Down the Line,Forehand,,,,,,,,,,-127.0077428,460.0956693,,,,,1,,,,,,,,,,,,,,,,1,,
30-40,0-0,1-0,1,2270000,,,,1,1,Ad,Player1,Near,1,T,1.481452318,81.16505359,,,,,,-5.850098425,-416.6044182,,,1,,,,,,,,,,,,,,,,,,,,,,,,,,,,,,,,,
30-40,0-0,1-0,,2271000,,,,1,2,Ad,Player1,Near,,,,,,,,,,143.3076225,517.4390201,Down the Line,Backhand,,,,,,,,,,13.22229878,-286.6811188,,,,,,,,,,,,,,,,,,,,,1,,
30-40,0-0,1-0,,2272000,,,,1,3,Ad,Player1,Near,,,,,,,,,,-8.828734689,-473.3668854,Down the Line,Forehand,,,,,,,,,,-73.58279199,339.6523021,,,,,,,,,,,,,,,,,,,,,1,,
30-40,0-0,1-0,,2274000,,,,1,4,Deuce,Player1,Near,,,,,,,,,,-79.54224628,547.187757,Crosscourt,Forehand,,,,,,,,,,75.52425087,-347.024311,,,,,,,,,,,,,,,,,,,,,1,,
30-40,0-0,1-0,,2275000,,,,1,5,Deuce,Player1,Near,,,,,,,,,,93.06413495,-511.7338364,Down the Line,Forehand,,,,,,,,,,126.6626804,365.0579232,,,,,,,,,,,,,,,,,,,,,1,,
30-40,0-0,1-0,,2276000,,,,1,6,Ad,Player1,Near,,,,,,,,,,102.6270122,499.5257108,Crosscourt,Backhand,,,,,,,,,,-125.2859143,-428.4258366,,,,,,,,,,,,,,,,,,,,,,1,
30-40,0-0,1-0,,2278000,,,,1,7,Ad,Player1,Near,,,,,,,,,,-121.5069937,-522.2759405,Crosscourt,Backhand,,,,,,,,,,121.2860236,370.9059547,,,,,,,,,,,,,,,,,,,,,,1,
30-40,0-0,1-0,,2279000,,,,1,8,Ad,Player1,Near,,,,,,,,,,144.2246883,510.9933016,Crosscourt,Backhand,,,,,,,,,,-49.39302275,-197.3047682,,,,,,,,,,,,,,,,,,,,,1,,
30-40,0-0,1-0,,2280000,,,,1,9,Ad,Player1,Near,,,,,,,,,,-113.8092902,-467.5027778,Down the Line,Backhand,1,,,,,,,,,-81.95959646,252.5067038,,,,,,,,,,,,,,,,,,,,,,,
30-40,0-0,1-0,,2282000,1,2270000,,1,10,Deuce,Player1,Near,,,,,,,,,,-78.21148841,432.0651629,Crosscourt,Forehand,,,,,,,,,,148.3154856,-302.7440671,1,,,,,,,,,,,,,,,,,,,,,1,
0-0,0-1,1-0,1,2338000,1,2361000,,,1,Ad,Player2,Near,0,T,-43.71635499,211.2351433,0,Body,94.04026137,-74.68967082,,-46.16650809,-429.1360182,,,,,,,,,,,,,,,,,1,,,,,,,,,,,,,,,,,,1,
0-15,0-1,1-0,1,2399000,,,,,1,Deuce,Player2,Near,1,T,-52.34628171,233.1897966,,,,,,17.3615923,-466.9108705,,,1,,,,,,,,,,,,,,,,,,,,,,,,,,,,,,,,,
0-15,0-1,1-0,,2400000,,,,,2,Deuce,Player2,Near,,,,,,,,,,-61.07970801,550.5367181,Crosscourt,Backhand,,,,,,,,,,110.7712489,-376.3068023,,,,,,,,,,,,,,,,,,,,,,1,
0-15,0-1,1-0,,2402000,,,,,3,Deuce,Player2,Near,,,,,,,,,,83.88375437,-491.674825,Down the Line,Forehand,,,,,,,,,,107.7567859,358.2202537,,,,,,,,,,,,,,,,,,,,,1,,
0-15,0-1,1-0,,2403000,,,,,4,Ad,Player2,Near,,,,,,,,,,114.2888178,560.4223042,Crosscourt,Backhand,,,,,,,,,,-94.09587708,-356.1996774,,,,,,,,,,,,,,,,,,,,,,1,
0-15,0-1,1-0,,2404000,,,,,5,Ad,Player2,Near,,,,,,,,,,-131.8920877,-536.7873906,Crosscourt,Backhand,,,,,,,,,,107.6602143,273.3658465,,,,,,,,,,,,,,,,,,,,,1,,
0-15,0-1,1-0,,2406000,,,,,6,Ad,Player2,Near,,,,,,,,,,143.2331365,477.4510225,Crosscourt,Backhand,,,,,,,,,,-132.117804,-349.3652996,,,,,,,,,,,,,,,,,,,,,,1,
0-15,0-1,1-0,,2407000,,,,,7,Ad,Player2,Near,,,,,,,,,,-176.3038878,-530.2952428,Crosscourt,Backhand,,,,,,,,,,68.81025262,156.7262413,,,,,,,,,,,,,,,,,,,,,,1,
0-15,0-1,1-0,,2409000,,,,,8,Ad,Player2,Near,,,,,,,,,,166.8895997,72.55966207,Down the Line,Backhand,1,,,,,,,,,69.83391842,-367.5304298,,,,,,,,,,,,,,,,,,,,,,,
0-15,0-1,1-0,,2410000,1,2398000,,,9,Deuce,Player2,Near,,,,,,,,,,68.31790245,-466.6330217,Down the Line,Forehand,,,,,,,,,,162.3589294,275.3707294,,1,,,,,,,,,,,,,,,,,,,1,,
0-30,0-1,1-0,1,2435000,,,,,1,Ad,Player2,Near,0,T,-30.22160433,-16.20671479,1,Body,100.8340278,152.7534503,,-44.92271435,-473.4380031,,,1,,,,,,,,,,,,,,1,,,,,,,,,,,,,,,,,,,
0-30,0-1,1-0,,2450000,,,,,2,Ad,Player2,Near,,,,,,,,,,165.7622813,512.045981,Crosscourt,Backhand,,,,,,,,,,-67.60274497,-341.1644138,,,,,,,,,,,,,,,,,,,,,1,,
0-30,0-1,1-0,,2451000,,,,,3,Ad,Player2,Near,,,,,,,,,,-101.7285871,-503.7461505,Crosscourt,Backhand,,,,,,,,,,137.2293198,287.0765912,,,,,,,,,,,,,,,,,,,,,,1,
0-30,0-1,1-0,,2453000,,,,,4,Ad,Player2,Near,,,,,,,,,,161.6157152,319.6585521,Down the Line,Backhand,,,,,,,,,,94.85310039,-416.463446,,,,,,,,,,,,,,,,,,,,,,1,
0-30,0-1,1-0,,2454000,,,,,5,Deuce,Player2,Near,,,,,,,,,,74.1164042,-521.3177275,Crosscourt,Forehand,,,,,,,,,,-151.6029746,300.4387905,,,,,,,,,,,,,,,,,,,,,,1,
0-30,0-1,1-0,,2455000,,,,,6,Deuce,Player2,Near,,,,,,,,,,-199.8544401,569.7370735,Down the Line,Forehand,,,,,,,,,,-74.77498906,-399.780304,,,,,,,,,,,,,,,,,,,,,1,,
0-30,0-1,1-0,,2457000,,,,,7,Ad,Player2,Near,,,,,,,,,,-66.72977362,-522.0206748,Crosscourt,Backhand,,,,,,,,,,136.2603128,235.9639217,,,,,,,,,,,,,,,,,,,,,,1,
0-30,0-1,1-0,,2458000,,,,,8,Ad,Player2,Near,,,,,,,,,,172.6864939,523.2015803,Down the Line,Backhand,1,,,,,,,,,172.6864939,476.9334482,,,,1,,,,,,,,,,,,,,,,,,,
0-30,0-1,1-0,,2459000,,,,,9,Ad,Player2,Near,,,,,,,,,,139.426121,330.6736385,Down the Line,Backhand,1,,,,,,,,,83.66906168,-162.5194991,,,,,,,,,,,,,,,,,,,,,,,
0-30,0-1,1-0,,2459000,,,,,10,Deuce,Player2,Near,,,,,,,,,,83.66906168,-182.6240978,Crosscourt,Forehand,,1,,,,,,,,-96.71414042,387.086565,,,,,,,,,,,,,,,,,,,,,,1,
0-30,0-1,1-0,,2461000,1,2449000,,,11,Deuce,Player2,Near,,,,,,,,,,-127.2044838,543.983213,Down the Line,Forehand,,,,,,,,,,-155.9627023,-384.2665081,1,,,,,,,,,,,,,,,,,,,,1,,
0-40,0-1,1-0,1,2492000,,,,1,1,Deuce,Player2,Near,1,Wide,-122.5326881,180.139649,,,,,,15.55180446,-471.8356737,,,,,,,,,,,,,,,,,,,,,,,,,,,,,,,,,,,1,
0-40,0-1,1-0,,2493000,,,,1,2,Deuce,Player2,Near,,,,,,,,,,-215.3998524,553.2905949,Down the Line,Forehand,,,,,,,,,,-42.80349956,-365.6592848,,,,,,,,,,,,,,,,,,,,,1,,
0-40,0-1,1-0,,2494000,,,,1,3,Ad,Player2,Near,,,,,,,,,,-25.657021,-486.306168,Down the Line,Backhand,,,,,,,,,,-93.47170276,457.0046533,,,,,1,,,,,,,,,,,,,,,,,1,
0-40,0-1,1-0,,2495000,1,2483000,,1,4,Deuce,Player2,Near,,,,,,,,,,-88.35360346,541.5389545,Down the Line,Forehand,,,,,,,,,,-2.625459318,-298.7584919,1,,,,,,,,,,,,,,,,,,,,1,,
15-40,0-1,1-0,1,2518000,,,,1,1,Ad,Player2,Near,0,Wide,161.4805227,192.8875492,,,,,,-20.10214895,-439.3028981,,,1,,,,,,,,,,,,,,,,,,,,,,,,,,,,,,,,,
15-40,0-1,1-0,,2519000,1,2507000,,1,2,Ad,Player2,Near,,,,,,,,,,193.8424705,499.1028707,Down the Line,Backhand,,,,,,,,,,131.8840879,195.0331365,,,,1,,,,,,,,,,,,,,,,,1,,
30-40,0-1,1-0,1,2542000,,,,1,1,Deuce,Player2,Near,0,T,-41.99471785,-5.117257218,1,Body,-58.36284449,240.1651465,,34.78316382,-409.0757819,,,,,,,,,,,,,,,,,1,,,,,,,,,,,,,,,,,,1,
30-40,0-1,1-0,,2552000,,,,1,2,Deuce,Player2,Near,,,,,,,,,,-107.5195866,533.8897474,Crosscourt,Forehand,,,,,,,,,,32.07529528,-338.1338364,,,,,,,,,,,,,,,,,,,,,1,,
30-40,0-1,1-0,,2553000,,,,1,3,Deuce,Player2,Near,,,,,,,,,,33.96737752,-460.4019193,Crosscourt,Forehand,,,,,,,,,,-56.77946194,416.7615431,,,,,,,,,,,,,,,,,,,,,1,,
30-40,0-1,1-0,,2555000,,,,1,4,Deuce,Player2,Near,,,,,,,,,,-89.87413605,523.7898895,Down the Line,Forehand,,,,,,,,,,-112.9142717,-325.7342902,,,,,,,,,,,,,,,,,,,,,1,,
30-40,0-1,1-0,,2556000,,,,1,5,Ad,Player2,Near,,,,,,,,,,-121.031332,-557.5544018,Crosscourt,Backhand,,,,,,,,,,127.1279309,301.2143865,,,,,,,,,,,,,,,,,,,,,,1,
30-40,0-1,1-0,,2557000,,,,1,6,Ad,Player2,Near,,,,,,,,,,159.1563375,511.0027942,Crosscourt,Backhand,,,,,,,,,,-124.5192367,-271.0026958,,,,,,,,,,,,,,,,,,,,,,1,
30-40,0-1,1-0,,2559000,,,,1,7,Ad,Player2,Near,,,,,,,,,,-168.9952264,-511.6903926,Crosscourt,Backhand,,,,,,,,,,77.46992017,254.4450241,,,,,,,,,,,,,,,,,,,,,,1,
30-40,0-1,1-0,,2561000,,,,1,8,Ad,Player2,Near,,,,,,,,,,79.74469051,291.330561,Down the Line,Forehand,,,,,,,,,,109.7193734,-252.1609143,,,,,,,,,,,,,,,,,,,,,,1,
30-40,0-1,1-0,,2562000,1,2550000,,1,9,Deuce,Player2,Near,,,,,,,,,,110.7477089,-499.1990212,Crosscourt,Forehand,,,,,,,,,,-54.25432524,-11.65526028,,,,1,,,,,,,,,,,,,,,,,1,,
0-0,1-1,1-0,1,2606000,,,,,1,Deuce,Player1,Far,1,Body,76.76854221,-175.1746172,,,,,,-54.43181321,478.7343941,,,,,,,,,,,,,,,,,,,,,,,,,,,,,,,,,,,1,
0-0,1-1,1-0,,2607000,,,,,2,Deuce,Player1,Far,,,,,,,,,,154.0688976,-460.3167159,Down the Line,Forehand,,,,,,,,,,122.1224027,245.3038386,,,,,,,,,,,,,,,,,,,,,,1,
0-0,1-1,1-0,,2608000,,,,,3,Ad,Player1,Far,,,,,,,,,,132.5559164,440.5096019,Crosscourt,Backhand,,,,,,,,,,-42.90600394,-323.6185203,,,,,,,,,,,,,,,,,,,,,1,,
0-0,1-1,1-0,,2609000,,,,,4,Ad,Player1,Far,,,,,,,,,,-88.1902395,-528.5096074,Crosscourt,Backhand,,,,,,,,,,44.04350394,254.0440015,,,,,,,,,,,,,,,,,,,,,1,,
0-0,1-1,1-0,,2610000,,,,,5,Ad,Player1,Far,,,,,,,,,,88.35693351,508.5256562,Crosscourt,Backhand,,,,,,,,,,-52.0278598,-240.0717137,,,,,,,,,,,,,,,,,,,,,,1,
0-0,1-1,1-0,,2612000,,,,,6,Ad,Player1,Far,,,,,,,,,,-113.7955873,-509.043154,Crosscourt,Backhand,,,,,,,,,,54.37053259,299.6319226,,,,,,,,,,,,,,,,,,,,,,1,
0-0,1-1,1-0,,2613000,,,,,7,Ad,Player1,Far,,,,,,,,,,93.57531715,521.1429571,Down the Line,Backhand,,,,,,,,,,10.23883968,-384.1244641,,,,,,,,,,,,,,,,,,,,,,1,
0-0,1-1,1-0,,2614000,,,,,8,Ad,Player1,Far,,,,,,,,,,-11.05244423,-518.8353839,Down the Line,Forehand,,,,,,,,,,-44.3376203,405.118072,,,,,,,,,,,,,,,,,,,,,1,,
0-0,1-1,1-0,,2616000,,,,,9,Deuce,Player1,Far,,,,,,,,,,-61.27545385,538.0900536,Crosscourt,Forehand,,,,,,,,,,79.4134077,-250.5665464,,,,,,,,,,,,,,,,,,,,,1,,
0-0,1-1,1-0,,2617000,,,,,10,Deuce,Player1,Far,,,,,,,,,,94.19198928,-449.9687117,Crosscourt,Forehand,,,,,,,,,,-146.7911253,308.0190617,,,,,,,,,,,,,,,,,,,,,1,,
0-0,1-1,1-0,,2618000,,,,,11,Deuce,Player1,Far,,,,,,,,,,-195.6134843,559.5871883,Down the Line,Forehand,,,,,,,,,,-106.4386975,-250.0634405,,,,,,,,,,,,,,,,,,,,,,1,
0-0,1-1,1-0,,2620000,,,,,12,Ad,Player1,Far,,,,,,,,,,-106.4386975,-270.1680392,Crosscourt,Backhand,,1,,,,,,,,65.41704396,403.3834208,,,,,,,,,,,,,,,,,,,,,,1,
0-0,1-1,1-0,,2621000,,,,,13,Ad,Player1,Far,,,,,,,,,,95.06890311,535.9184766,Down the Line,Backhand,1,,,,,,,,,80.71316164,-221.090759,,,,,,,,,,,,,,,,,,,,,,,
0-0,1-1,1-0,,2622000,,,,,14,Deuce,Player1,Far,,,,,,,,,,32.3188867,-374.8110346,Crosscourt,Forehand,,,,,,,,,,-84.0398458,278.7663495,,,,,,,,,,,,,,,,,,,,,1,,
0-0,1-1,1-0,,2624000,,,,,15,Deuce,Player1,Far,,,,,,,,,,-154.1735838,535.5769357,Down the Line,Forehand,,,,,,,,,,-49.08914589,-344.1944937,,,,,,,,,,,,,,,,,,,,,,1,
0-0,1-1,1-0,,2625000,,,,,16,Ad,Player1,Far,,,,,,,,,,-24.91510827,-451.3978018,Crosscourt,Backhand,,,,,,,,,,28.79473425,258.1075459,,,,,,,,,,,,,,,,,,,,,1,,
0-0,1-1,1-0,,2626000,,,,,17,Ad,Player1,Far,,,,,,,,,,49.30020232,487.3498906,Crosscourt,Backhand,,,,,,,,,,-61.29267826,-411.9260389,,,,,,,,,,,,,,,,,,,,,1,,
0-0,1-1,1-0,,2627000,,,,,18,Ad,Player1,Far,,,,,,,,,,-76.56690179,-524.8270669,Down the Line,Backhand,,,,,,,,,,-52.47282371,379.676892,,,,,,,,,,,,,,,,,,,,,,1,
0-0,1-1,1-0,,2628000,,,,,19,Deuce,Player1,Far,,,,,,,,,,-55.69336724,541.9880906,Down the Line,Forehand,,,,,,,,,,-4.223042432,-330.7785925,,,,,,,,,,,,,,,,,,,,,1,,
0-0,1-1,1-0,,2630000,,,,,20,Ad,Player1,Far,,,,,,,,,,-3.739381015,-522.6126969,Down the Line,Forehand,,,,,,,,,,-78.4562664,318.8844105,,,,,,,,,,,,,,,,,,,,,1,,
0-0,1-1,1-0,,2631000,,,,,21,Deuce,Player1,Far,,,,,,,,,,-82.13888342,559.7875273,Crosscourt,Forehand,,,,,,,,,,80.80682415,-356.1366743,,,,,,,,,,,,,,,,,,,,,1,,
0-0,1-1,1-0,,2632000,,,,,22,Deuce,Player1,Far,,,,,,,,,,102.0255359,-515.1830435,Crosscourt,Forehand,,,,,,,,,,-64.55681868,303.243843,,,,,,,,,,,,,,,,,,,,,1,,
0-0,1-1,1-0,,2633000,,,,,23,Deuce,Player1,Far,,,,,,,,,,-95.64523185,513.1741415,Down the Line,Forehand,,,,,,,,,,-104.9515037,-277.9968395,,,,,,,,,,,,,,,,,,,,,1,,
0-0,1-1,1-0,,2635000,,,,,24,Ad,Player1,Far,,,,,,,,,,-95.85670932,-487.8583552,Crosscourt,Backhand,,,,,,,,,,64.52665682,200.8802493,,,,,,,,,,,,,,,,,,,,,1,,
0-0,1-1,1-0,,2636000,,,,,25,Ad,Player1,Far,,,,,,,,,,122.8586505,499.1267935,Crosscourt,Backhand,,,,,,,,,,-86.48751094,-335.8968832,,,,,,,,,,,,,,,,,,,,,,1,
0-0,1-1,1-0,,2637000,,,,,26,Ad,Player1,Far,,,,,,,,,,-113.6994368,-524.5659832,Crosscourt,Backhand,,,,,,,,,,14.76124234,212.7075241,,,,,,,,,,,,,,,,,,,,,,1,
0-0,1-1,1-0,,2638000,,,,,27,Ad,Player1,Far,,,,,,,,,,65.88769138,491.3981627,Crosscourt,Backhand,,,,,,,,,,-91.96893045,-215.0366853,,,,,,,,,,,,,,,,,,,,,,1,
0-0,1-1,1-0,,2640000,,,,,28,Ad,Player1,Far,,,,,,,,,,-153.3741798,-492.8109088,Crosscourt,Backhand,,,,,,,,,,89.39594816,353.387582,,,,,,,,,,,,,,,,,,,,,,1,
0-0,1-1,1-0,,2641000,,,,,29,Ad,Player1,Far,,,,,,,,,,94.58650481,491.0686406,Crosscourt,Backhand,,,,,,,,,,-95.88491907,-302.872944,,,,,,,,,,,,,,,,,,,,,1,,
0-0,1-1,1-0,,2643000,,,,,30,Ad,Player1,Far,,,,,,,,,,-147.7812227,-503.0193952,Crosscourt,Backhand,,,,,,,,,,76.77635061,246.061215,,,,,,,,,,,,,,,,,,,,,,1,
0-0,1-1,1-0,,2644000,,,,,31,Ad,Player1,Far,,,,,,,,,,152.1374289,484.5292979,Down the Line,Backhand,,,,,,,,,,142.3049322,-346.6019685,,,,,,,,,,,,,,,,,,,,,,1,
0-0,1-1,1-0,,2645000,1,2633000,,,32,Deuce,Player1,Far,,,,,,,,,,132.885783,-506.4983432,Down the Line,Forehand,1,,,,,,,,,132.885783,-231.3749563,,,,1,,,,,,,,,,,,,,,,,,,
15-0,1-1,1-0,1,2691000,,,,,1,Ad,Player1,Far,0,Wide,-131.5327483,-265.3351761,1,T,-37.95161308,-234.6972769,,3.323851706,496.1812664,,,,,,,,,,,,,,,,,,,,,,,,,,,,,,,,,,,1,
15-0,1-1,1-0,,2704000,,,,,2,Ad,Player1,Far,,,,,,,,,,-48.87870188,-443.723715,Down the Line,Forehand,,,,,,,,,,-67.8490923,337.6780402,,,,,,,,,,,,,,,,,,,,,1,,
15-0,1-1,1-0,,2706000,,,,,3,Deuce,Player1,Far,,,,,,,,,,-78.65779199,515.280304,Crosscourt,Forehand,,,,,,,,,,69.13854987,-308.4315289,,,,,,,,,,,,,,,,,,,,,,1,
15-0,1-1,1-0,,2707000,,,,,4,Deuce,Player1,Far,,,,,,,,,,85.03905293,-463.7572343,Down the Line,Forehand,,,,,,,,,,131.0740431,283.0441656,,,,,,,,,,,,,,,,,,,,,1,,
15-0,1-1,1-0,,2708000,,,,,5,Ad,Player1,Far,,,,,,,,,,151.3341207,510.9497047,Down the Line,Backhand,,,,,,,,,,106.9745297,-227.6514217,,,,,,,,,,,,,,,,,,,,,,1,
15-0,1-1,1-0,,2709000,1,2697000,,,6,Deuce,Player1,Far,,,,,,,,,,70.9519357,-426.8757546,Crosscourt,Forehand,,,,,,,,,,-98.02197069,245.8846839,1,,,,,,,,,,,,,,,,,,,,1,,
15-15,1-1,1-0,1,2742000,,,,,1,Deuce,Player1,Far,1,Wide,140.1941,-161.2244915,,,,,,-51.75491032,468.8642717,,,1,,,,,,,,,,,,,,,,,,,,,,,,,,,,,,,,,
15-15,1-1,1-0,,2743000,,,,,2,Deuce,Player1,Far,,,,,,,,,,198.592886,-475.818072,Crosscourt,Forehand,,,,,,,,,,-53.70942148,222.3421315,,,,,,,,,,,,,,,,,,,,,1,,
15-15,1-1,1-0,,2744000,,,,,3,Deuce,Player1,Far,,,,,,,,,,-144.467897,436.0911964,Down the Line,Forehand,,,,,,,,,,-21.2828248,-510.4937555,,,,,1,,,,,,,,,,,,,,,,1,,
15-15,1-1,1-0,,2745000,1,2733000,,,4,Ad,Player1,Far,,,,,,,,,,-57.23506671,-539.0677111,Crosscourt,Backhand,,,,,,,,,,64.6499836,309.688949,1,,,,,,,,,,,,,,,,,,,,1,,
15-30,1-1,1-0,1,2768000,,,,,1,Ad,Player1,Far,0,Body,-84.95067257,-284.8420112,1,Wide,-125.5963364,-189.5774388,,6.385701006,447.2746227,,,,,,,,,,,,,,,,,,,,,,,,,,,,,,,,,,,1,
15-30,1-1,1-0,,2781000,,,,,2,Ad,Player1,Far,,,,,,,,,,-193.48493,-469.1148294,Down the Line,Backhand,,,,,,,,,,-120.430736,284.096998,,,,,,,,,,,,,,,,,,,,,,1,
15-30,1-1,1-0,,2782000,,,,,3,Deuce,Player1,Far,,,,,,,,,,-114.6850941,534.4201444,Down the Line,Forehand,,,,,,,,,,-9.167443132,-283.4319062,,,,,,,,,,,,,,,,,,,,,1,,
15-30,1-1,1-0,,2784000,,,,,4,Deuce,Player1,Far,,,,,,,,,,10.61961395,-459.380129,Down the Line,Forehand,,,,,,,,,,113.5926072,454.579801,,,,,,,,,,,,,,,,,,,,,,1,
15-30,1-1,1-0,,2785000,,,,,5,Ad,Player1,Far,,,,,,,,,,130.7884241,522.4248742,Down the Line,Backhand,,,,,,,,,,132.969264,-230.2511975,,,,,,,,,,,,,,,,,,,,,,1,
15-30,1-1,1-0,,2785000,1,2773000,,,6,Deuce,Player1,Far,,,,,,,,,,108.7309602,-297.2310696,Crosscourt,Forehand,,,,,,,,,,-78.81698381,453.3025536,1,,,,,,,,,,,,,,,,,,,,,1,
30-30,1-1,1-0,1,2817000,,,,,1,Deuce,Player1,Far,1,Wide,154.8234799,-244.0566,,,,,,-45.31485674,460.4330381,,,,,,,,,,,,,,,,,,,,,,,,,,,,,,,,,,,1,
30-30,1-1,1-0,,2818000,,,,,2,Deuce,Player1,Far,,,,,,,,,,195.8458607,-488.9828029,Crosscourt,Forehand,,,,,,,,,,-79.12977909,241.3133257,,,,,,,,,,,,,,,,,,,,,1,,
30-30,1-1,1-0,,2819000,,,,,3,Deuce,Player1,Far,,,,,,,,,,-166.263014,450.023026,Down the Line,Forehand,,,,,,,,,,-123.3910761,-432.0345801,,,,,,,,,,,,,,,,,,,,,1,,
30-30,1-1,1-0,,2820000,,,,,4,Ad,Player1,Far,,,,,,,,,,-123.8231026,-552.5213145,Down the Line,Backhand,,,,,,,,,,-44.06780949,259.3539042,,,,,,,,,,,,,,,,,,,,,1,,
30-30,1-1,1-0,,2823000,1,2811000,,,5,Deuce,Player1,Far,,,,,,,,,,-44.06780949,305.6220363,Down the Line,Forehand,,,1,,,,,,,-78.54334536,-344.8366579,1,,,,,,,,,,,,,,,,,,,,,1,
40-30,1-1,1-0,1,2855000,,,,,1,Ad,Player1,Far,1,T,-8.619171041,-241.8762959,,,,,,11.30277231,486.5931649,,,,,,,,,,,,,,,,,,,,,,,,,,,,,,,,,,,1,
40-30,1-1,1-0,,2856000,,,,,2,Ad,Player1,Far,,,,,,,,,,-18.75370735,-531.1814578,Down the Line,Forehand,,,,,,,,,,-18.63991142,348.1709208,,,,,,,,,,,,,,,,,,,,,,1,
40-30,1-1,1-0,,2857000,,,,,3,Deuce,Player1,Far,,,,,,,,,,-30.2592301,499.5013287,Crosscourt,Forehand,,,,,,,,,,123.4089512,-329.2711505,,,,,,,,,,,,,,,,,,,,,1,,
40-30,1-1,1-0,,2859000,,,,,4,Deuce,Player1,Far,,,,,,,,,,154.6518865,-526.9497266,Crosscourt,Forehand,,,,,,,,,,-49.64136045,308.7976815,,,,,,,,,,,,,,,,,,,,,,1,
40-30,1-1,1-0,,2860000,1,2848000,,,5,Deuce,Player1,Far,,,,,,,,,,-84.35643045,491.6239173,Down the Line,Forehand,,,,,,,,,,-147.9271708,-439.4626258,1,,,,,,,,,,,,,,,,,,,,1,,
0-0,2-1,1-0,1,2952000,,,,,1,Deuce,Player2,Far,1,T,30.01866251,-219.7593504,,,,,,-31.11895779,490.8937937,,,,,,,,,,,,,,,,,,,,,,,,,,,,,,,,,,,1,
0-0,2-1,1-0,,2953000,,,,,2,Deuce,Player2,Far,,,,,,,,,,47.03553696,-459.2267935,Down the Line,Backhand,,,,,,,,,,14.73911855,308.6407098,,,,,,,,,,,,,,,,,,,,,,1,
0-0,2-1,1-0,,2955000,,,,,3,Ad,Player2,Far,,,,,,,,,,14.96533246,520.9319773,Down the Line,Forehand,1,,,,,,,,,98.41954834,-389.7340715,,,,,,,,,,,,,,,,,,,,,,,
0-0,2-1,1-0,,2956000,,,,,4,Deuce,Player2,Far,,,,,,,,,,110.4201389,-531.2423939,Crosscourt,Forehand,,,,,,,,,,-5.193503937,245.3226323,,,,,,,,,,,,,,,,,,,,,1,,
0-0,2-1,1-0,,2957000,,,,,5,Deuce,Player2,Far,,,,,,,,,,-31.92919401,486.8308235,Down the Line,Forehand,,,,,,,,,,-155.1771161,-377.1284066,,,,,,,,,,,,,,,,,,,,,1,,
0-0,2-1,1-0,,2958000,,,,,6,Ad,Player2,Far,,,,,,,,,,-182.0279418,-546.8918034,Down the Line,Backhand,1,,,,,,,,,-64.83573928,239.3111986,,,,,,,,,,,,,,,,,,,,,,,
0-0,2-1,1-0,,2959000,1,2947000,,,7,Deuce,Player2,Far,,,,,,,,,,-64.83573928,285.5793307,Crosscourt,Forehand,,1,,,,,,,,146.0882163,-413.7381616,1,,,,,,,,,,,,,,,,,,,,,1,
15-0,2-1,1-0,1,2981000,,,,,1,Ad,Player2,Far,1,Body,-70.05270669,-234.7176783,,,,,,23.44111986,502.6091481,,,,,,,,,,,,,,,,,,,,,,,,,,,,,,,,,,,1,
15-0,2-1,1-0,,2982000,,,,,2,Ad,Player2,Far,,,,,,,,,,-96.98303259,-522.7638889,Crosscourt,Forehand,,,,,,,,,,3.723993876,272.5123961,,,,,,,,,,,,,,,,,,,,,1,,
15-0,2-1,1-0,,2983000,1,2971000,,,3,Deuce,Player2,Far,,,,,,,,,,-1.280653981,457.8075787,Crosscourt,Forehand,,,,,,,,,,167.2344707,-408.248972,,1,,,,,,,,,,,,,,,,,,,,1,
15-15,2-1,1-0,1,3002000,,,,,1,Deuce,Player2,Far,1,T,13.69753937,-240.6924814,1,T,46.52473753,-220.5871555,,-28.16305774,503.445642,,,,,,,,,,,,,,,,,,,,,,,,,,,,,,,,,,,1,
15-15,2-1,1-0,,3016000,,,,,2,Deuce,Player2,Far,,,,,,,,,,47.39724956,-400.4059711,Down the Line,Backhand,,,,,,,,,,36.84549978,377.8189523,,,,,,,,,,,,,,,,,,,,,,1,
15-15,2-1,1-0,,3017000,,,,,3,Ad,Player2,Far,,,,,,,,,,27.43090551,506.47354,Crosscourt,Backhand,,,,,,,,,,-3.16776028,-383.3361603,,,,,,,,,,,,,,,,,,,,,,1,
15-15,2-1,1-0,,3018000,,,,,4,Ad,Player2,Far,,,,,,,,,,-18.96464895,-522.9546971,Down the Line,Forehand,,,,,,,,,,-81.8783738,277.2093395,,,,,,,,,,,,,,,,,,,,,1,,
15-15,2-1,1-0,,3020000,,,,,5,Deuce,Player2,Far,,,,,,,,,,-99.41833443,553.9968723,Crosscourt,Forehand,,,,,,,,,,118.8588364,-211.701121,,,,,,,,,,,,,,,,,,,,,1,,
15-15,2-1,1-0,,3021000,,,,,6,Deuce,Player2,Far,,,,,,,,,,183.3465278,-493.5263725,Down the Line,Forehand,,,,,,,,,,138.8501367,307.682114,,,,,,,,,,,,,,,,,,,,,,1,
15-15,2-1,1-0,,3022000,1,3010000,,,7,Ad,Player2,Far,,,,,,,,,,135.523797,512.7462489,Down the Line,Backhand,,,,,,,,,,126.5401958,222.8565289,,,,1,,,,,,,,,,,,,,,,,,1,
15-30,2-1,1-0,1,3048000,,,,,1,Ad,Player2,Far,1,Wide,-144.0122922,-210.6141459,,,,,,23.24039808,430.3705873,,,,,,,,,,,,,,,,,,,,,,,,,,,,,,,,,,,1,
15-30,2-1,1-0,,3049000,1,3037000,,,2,Ad,Player2,Far,,,,,,,,,,-206.6800525,-528.0025973,Crosscourt,Backhand,,,,,,,,,,62.18869204,158.8924213,1,,,,,,,,,,,,,,,,,,,,,1,
30-30,2-1,1-0,1,3073000,,,,,1,Deuce,Player2,Far,1,T,20.84436789,-185.1220965,,,,,,-24.03677822,488.1198983,,,,,,,,,,,,,,,,,,,,,,,,,,,,,,,,,,,1,
30-30,2-1,1-0,,3074000,,,,,2,Deuce,Player2,Far,,,,,,,,,,43.05907152,-485.7586614,Down the Line,Backhand,,,,,,,,,,22.58793745,174.6139436,,,,,,,,,,,,,,,,,,,,,,1,
30-30,2-1,1-0,,3075000,,,,,3,Ad,Player2,Far,,,,,,,,,,46.51317804,466.2059329,Down the Line,Forehand,,,,,,,,,,114.6982612,-278.5658574,,,,,,,,,,,,,,,,,,,,,,1,
30-30,2-1,1-0,,3076000,,,,,4,Deuce,Player2,Far,,,,,,,,,,131.4752953,-535.0260608,Crosscourt,Forehand,,,,,,,,,,-91.54134405,242.4792268,,,,,,,,,,,,,,,,,,,,,,1,
30-30,2-1,1-0,,3077000,,,,,5,Deuce,Player2,Far,,,,,,,,,,-91.54134405,288.7473589,Down the Line,Forehand,,,,,,,,,,-113.5170494,-295.3319827,,,,,,,,,,,,,,,,,,,,,1,,
30-30,2-1,1-0,,3078000,,,,,6,Ad,Player2,Far,,,,,,,,,,-113.5170494,-315.4365814,Down the Line,Backhand,,1,,,,,,,,-98.60649059,-358.0013889,,,,1,,,,,,,,,,,,,,,,,,1,
30-30,2-1,1-0,,3079000,,,,,7,Ad,Player2,Far,,,,,,,,,,-96.05191929,-437.2503992,Down the Line,Backhand,,,,,,,,,,-135.455397,230.9958279,,,,,,,,,,,,,,,,,,,,,,1,
30-30,2-1,1-0,,3080000,1,3068000,,,8,Deuce,Player2,Far,,,,,,,,,,-135.455397,277.26396,Down the Line,Forehand,,1,,,,,,,,-91.74459208,18.52741689,,,,1,,,,,,,,,,,,,,,,,,1,
30-40,2-1,1-0,1,3104000,1,3092000,,1,1,Ad,Player2,Far,1,T,-2.191251094,-231.3070921,,,,,1,42.4583224,454.1312391,,,,,,,,,,,,,,1,,,,,,,,,,,,,,,,,,,,,1,
40-40,2-1,1-0,1,3120000,,,,1,1,Deuce,Player2,Far,1,T,17.51860236,-241.4745844,,,,,,-38.56924213,499.8451662,,,,,,,,,,,,,,,,,,,,,,,,,,,,,,,,,,,1,
40-40,2-1,1-0,,3121000,,,,1,2,Deuce,Player2,Far,,,,,,,,,,27.99827756,-525.8838801,Crosscourt,Backhand,,,,,,,,,,-94.98924978,302.9275645,,,,,,,,,,,,,,,,,,,,,,1,
40-40,2-1,1-0,,3122000,,,,1,3,Deuce,Player2,Far,,,,,,,,,,-107.3181376,464.7335521,Down the Line,Forehand,,,,,,,,,,-123.3112314,-383.1211997,,,,,,,,,,,,,,,,,,,,,1,,
40-40,2-1,1-0,,3124000,,,,1,4,Ad,Player2,Far,,,,,,,,,,-129.8627843,-552.2658574,Crosscourt,Backhand,,,,,,,,,,39.67171916,244.6195702,,,,,,,,,,,,,,,,,,,,,1,,
40-40,2-1,1-0,,3125000,1,3113000,,1,5,Ad,Player2,Far,,,,,,,,,,63.837757,418.5304134,Down the Line,Backhand,1,,,,,,,,,64.09616142,90.81998578,,,,1,,,,,,,,,,,,,,,,,,,
0-0,3-1,1-0,1,3163000,,,,,1,Deuce,Player1,Near,0,Body,-54.25034449,246.9489993,,,,,,38.19711833,-423.3841754,,,,,,,,,,,,,,,,,,,,,,,,,,,,,,,,,,,1,
0-0,3-1,1-0,,3164000,,,,,2,Deuce,Player1,Near,,,,,,,,,,-85.89028325,531.8443296,Down the Line,Backhand,,,,,,,,,,-79.0276192,-412.7331748,,,,,,,,,,,,,,,,,,,,,,1,
0-0,3-1,1-0,,3165000,,,,,3,Ad,Player1,Near,,,,,,,,,,-90.79770888,-479.1283355,Crosscourt,Backhand,,,,,,,,,,144.5986111,337.2894193,,,,,,,,,,,,,,,,,,,,,,1,
0-0,3-1,1-0,,3167000,,,,,4,Ad,Player1,Near,,,,,,,,,,160.887161,522.4688922,Crosscourt,Backhand,,,,,,,,,,-135.6935531,-219.5551455,,,,,,,,,,,,,,,,,,,,,1,,
0-0,3-1,1-0,,3168000,1,3156000,,,5,Ad,Player1,Near,,,,,,,,,,-197.2393154,-494.6025153,Down the Line,Backhand,,,,,,,,,,-117.8741743,-10.60162402,,,,1,,,,,,,,,,,,,,,,,1,,
0-15,3-1,1-0,1,3189000,,,,,1,Ad,Player1,Near,1,Wide,118.1854385,243.0535652,,,,,,-24.43163823,-470.000853,,,1,,,,,,,,,,,,,,,,,,,,,,,,,,,,,,,,,
0-15,3-1,1-0,,3190000,,,,,2,Ad,Player1,Near,,,,,,,,,,161.6081365,503.4371063,Crosscourt,Backhand,,,,,,,,,,-67.56898513,-388.4498578,,,,,,,,,,,,,,,,,,,,,1,,
0-15,3-1,1-0,,3192000,,,,,3,Ad,Player1,Near,,,,,,,,,,-58.77791448,-512.9656113,Crosscourt,Forehand,,,,,,,,,,76.20771544,280.3276465,,,,,,,,,,,,,,,,,,,,,1,,
0-15,3-1,1-0,,3193000,,,,,4,Ad,Player1,Near,,,,,,,,,,128.5988955,535.9254812,Crosscourt,Backhand,,,,,,,,,,-104.0956037,-301.928166,,,,,,,,,,,,,,,,,,,,,,1,
0-15,3-1,1-0,,3194000,,,,,5,Ad,Player1,Near,,,,,,,,,,-143.4988517,-511.0443241,Crosscourt,Backhand,,,,,,,,,,71.62632874,232.7584208,,,,,,,,,,,,,,,,,,,,,,1,
0-15,3-1,1-0,,3196000,,,,,6,Ad,Player1,Near,,,,,,,,,,144.2504484,485.213949,Crosscourt,Backhand,,,,,,,,,,-123.96729,-366.7244805,,,,,,,,,,,,,,,,,,,,,1,,
0-15,3-1,1-0,,3197000,,,,,7,Ad,Player1,Near,,,,,,,,,,-139.8028379,-510.0999672,Crosscourt,Backhand,,,,,,,,,,53.3867126,228.3406277,,,,,,,,,,,,,,,,,,,,,,1,
0-15,3-1,1-0,,3198000,,,,,8,Ad,Player1,Near,,,,,,,,,,120.8000273,492.2464458,Down the Line,Backhand,1,,,,,,,,,136.9938812,-310.5394138,,,,,,,,,,,,,,,,,,,,,,,
0-15,3-1,1-0,,3200000,,,,,9,Deuce,Player1,Near,,,,,,,,,,145.2629374,-476.6577045,Down the Line,Forehand,,,,,,,,,,104.5049322,232.4507546,,,,,,,,,,,,,,,,,,,,,,1,
0-15,3-1,1-0,,3201000,,,,,10,Ad,Player1,Near,,,,,,,,,,87.94090661,549.5219324,Crosscourt,Backhand,,,,,,,,,,-86.40249891,-274.5602636,,,,,,,,,,,,,,,,,,,,,1,,
0-15,3-1,1-0,,3203000,,,,,11,Ad,Player1,Near,,,,,,,,,,-117.4525208,-463.2914097,Down the Line,Backhand,,,,,,,,,,-88.12180118,258.8425689,,,,,,,,,,,,,,,,,,,,,,1,
0-15,3-1,1-0,,3204000,,,,,12,Deuce,Player1,Near,,,,,,,,,,-80.39137139,518.1607612,Crosscourt,Forehand,,,,,,,,,,32.27984471,-294.6312172,,,,,,,,,,,,,,,,,,,,,,1,
0-15,3-1,1-0,,3205000,,,,,13,Deuce,Player1,Near,,,,,,,,,,40.95252625,-465.1222496,Down the Line,Forehand,,,,,,,,,,85.95699913,224.3860182,,,,,,,,,,,,,,,,,,,,,1,,
0-15,3-1,1-0,,3206000,,,,,14,Ad,Player1,Near,,,,,,,,,,93.82507108,534.7472933,Crosscourt,Backhand,,,,,,,,,,-49.3246227,-333.0794291,,,,,,,,,,,,,,,,,,,,,1,,
0-15,3-1,1-0,,3208000,1,3196000,,,15,Ad,Player1,Near,,,,,,,,,,-36.95581255,-484.4806485,Crosscourt,Forehand,,,,,,,,,,156.9756124,244.9052275,1,,,,,,,,,,,,,,,,,,,,1,,
15-15,3-1,1-0,1,3237000,,,,,1,Deuce,Player1,Near,1,Wide,-124.6239611,184.7441164,,,,,,40.92959864,-471.0264709,,,,,,,,,,,,,,,,,,,,,,,,,,,,,,,,,,,1,
15-15,3-1,1-0,,3238000,,,,,2,Deuce,Player1,Near,,,,,,,,,,-216.3171861,517.3099519,Crosscourt,Forehand,,,,,,,,,,77.50214895,-158.2887248,,,,,,,,,,,,,,,,,,,,,1,,
15-15,3-1,1-0,,3240000,,,,,3,Deuce,Player1,Near,,,,,,,,,,160.4119204,-427.3088528,Down the Line,Forehand,,,,,,,,,,69.43526903,454.579801,,,,,,,,,,,,,,,,,,,,,1,,
15-15,3-1,1-0,,3241000,,,,,4,Ad,Player1,Near,,,,,,,,,,35.1606846,552.2405184,Crosscourt,Backhand,,,,,,,,,,-60.14683399,-303.8999399,,,,,,,,,,,,,,,,,,,,,,1,
15-15,3-1,1-0,,3242000,,,,,5,Ad,Player1,Near,,,,,,,,,,-65.69405074,-482.4557087,Down the Line,Backhand,,,,,,,,,,-50.49048556,284.8963255,,,,,,,,,,,,,,,,,,,,,,1,
15-15,3-1,1-0,,3243000,1,3231000,,,6,Deuce,Player1,Near,,,,,,,,,,-39.00712489,526.2586833,Crosscourt,Forehand,,,,,,,,,,169.1130413,-354.8884022,,,1,,,,,,,,,,,,,,,,,,1,,
30-15,3-1,1-0,1,3273000,,,,,1,Ad,Player1,Near,0,Body,57.82900262,-28.87637795,1,Body,89.99057305,219.551892,,-8.084563648,-466.421238,,,1,,,,,,,,,,,,,,1,,,,,,,,,,,,,,,,,,,
30-15,3-1,1-0,,3284000,,,,,2,Ad,Player1,Near,,,,,,,,,,137.3093176,525.1561297,Crosscourt,Backhand,,,,,,,,,,-153.2892443,-375.7719269,,,,,,,,,,,,,,,,,,,,,,1,
30-15,3-1,1-0,,3285000,,,,,3,Ad,Player1,Near,,,,,,,,,,-151.8625656,-497.7490704,Down the Line,Backhand,,,,,,,,,,-80.67553587,253.1582841,,,,,,,,,,,,,,,,,,,,,1,,
30-15,3-1,1-0,,3286000,,,,,4,Deuce,Player1,Near,,,,,,,,,,-62.37379703,506.4375984,Crosscourt,Forehand,,,,,,,,,,80.77011702,-191.5706857,,,,,,,,,,,,,,,,,,,,,,1,
30-15,3-1,1-0,,3288000,,,,,5,Deuce,Player1,Near,,,,,,,,,,154.2347878,-449.9293252,Down the Line,Forehand,,,,,,,,,,117.5048447,248.8411581,,,,,,,,,,,,,,,,,,,,,,1,
30-15,3-1,1-0,,3289000,,,,,6,Ad,Player1,Near,,,,,,,,,,89.27820975,532.5793526,Crosscourt,Backhand,,,,,,,,,,-60.94746282,-265.8740322,,,,,,,,,,,,,,,,,,,,,1,,
30-15,3-1,1-0,,3290000,,,,,7,Ad,Player1,Near,,,,,,,,,,-86.16227581,-488.8446249,Crosscourt,Backhand,,,,,,,,,,127.0650427,401.3431321,,,,,,,,,,,,,,,,,,,,,1,,
30-15,3-1,1-0,,3291000,1,3279000,,,8,Ad,Player1,Near,,,,,,,,,,136.175339,472.2892881,Crosscourt,Backhand,,,,,,,,,,-113.3469105,-498.9413441,,,,,1,,,,,,,,,,,,,,,,,1,
40-15,3-1,1-0,1,3322000,,,,,1,Deuce,Player1,Near,1,T,-28.31987642,244.6961614,,,,,,32.61541448,-476.19743,,,,,,,,,,,,,,,,,,,,,,,,,,,,,,,,,,,1,
40-15,3-1,1-0,,3323000,,,,,2,Deuce,Player1,Near,,,,,,,,,,-62.3287839,530.2135608,Down the Line,Backhand,,,,,,,,,,-31.2713364,-176.864217,,,,,,,,,,,,,,,,,,,,,,1,
40-15,3-1,1-0,,3324000,,,,,3,Ad,Player1,Near,,,,,,,,,,-31.41632765,-412.4862916,Down the Line,Forehand,,,,,,,,,,-115.4034285,339.8858268,,,,,,,,,,,,,,,,,,,,,1,,
40-15,3-1,1-0,,3326000,,,,,4,Deuce,Player1,Near,,,,,,,,,,-142.8855862,571.6575951,Crosscourt,Forehand,,,,,,,,,,21.51853128,-161.0724191,,,,,,,,,,,,,,,,,,,,,1,,
40-15,3-1,1-0,,3327000,1,3315000,,,5,Deuce,Player1,Near,,,,,,,,,,21.51853128,-181.1770177,Down the Line,Forehand,,,1,,,,,,,87.00845363,150.747687,1,,,,,,,,,,,,,,,,,,,,,1,
40-30,3-1,1-0,1,3359000,,,,,1,Ad,Player1,Near,1,Wide,107.5535761,232.3488244,,,,,,-22.99757218,-487.3585028,,,1,,,,,,,,,,,,,,,,,,,,,,,,,,,,,,,,,
40-30,3-1,1-0,,3360000,1,3348000,,,2,Ad,Player1,Near,,,,,,,,,,159.7304462,481.6532808,Crosscourt,Backhand,,,,,,,,,,-54.73798666,20.85386045,,,,1,,,,,,,,,,,,,,,,,1,,
0-0,4-1,1-0,1,3463000,,,,,1,Deuce,Player2,Near,1,Wide,-142.9264654,239.1646763,,,,,,15.81300306,-481.6951553,,,,,,,,,,,,,,,,,,,,,,,,,,,,,,,,,,,1,
0-0,4-1,1-0,,3464000,,,,,2,Deuce,Player2,Near,,,,,,,,,,-197.186379,533.7816929,Down the Line,Forehand,,,,,,,,,,-57.50231299,-371.8558618,,,,,,,,,,,,,,,,,,,,,1,,
0-0,4-1,1-0,,3465000,,,,,3,Ad,Player2,Near,,,,,,,,,,-36.81120407,-503.8848644,Crosscourt,Backhand,,,,,,,,,,83.64104331,298.8744696,,,,,,,,,,,,,,,,,,,,,1,,
0-0,4-1,1-0,,3466000,,,,,4,Ad,Player2,Near,,,,,,,,,,125.5974847,516.5239829,Crosscourt,Backhand,,,,,,,,,,-50.08176947,-243.9429954,,,,,,,,,,,,,,,,,,,,,1,,
0-0,4-1,1-0,,3468000,,,,,5,Ad,Player2,Near,,,,,,,,,,-74.68412073,-436.396834,Down the Line,Forehand,,,,,,,,,,-65.788785,416.9603128,,,,,,,,,,,,,,,,,,,,,1,,
0-0,4-1,1-0,,3469000,1,3457000,,,6,Deuce,Player2,Near,,,,,,,,,,-80.46019248,522.6452701,Down the Line,Forehand,,,,,,,,,,-69.67545385,9.083617673,,,,1,,,,,,,,,,,,,,,,,1,,
15-0,4-1,1-0,1,3490000,,,,,1,Ad,Player2,Near,0,Wide,176.5027723,275.4815398,1,Body,103.7636702,158.5623633,,-37.88558618,-484.8356245,,,1,,,,,,,,,,,,,,,,,,,,,,,,,,,,,,,,,
15-0,4-1,1-0,,3563000,,,,,2,Ad,Player2,Near,,,,,,,,,,170.1410706,558.704112,Down the Line,Backhand,,,,,,,,,,90.17774497,-384.1504921,,,,,,,,,,,,,,,,,,,,,1,,
15-0,4-1,1-0,,3564000,,,,,3,Deuce,Player2,Near,,,,,,,,,,67.00995735,-493.489474,Down the Line,Forehand,,,,,,,,,,154.1086669,407.2239665,,,,,,,,,,,,,,,,,,,,,1,,
15-0,4-1,1-0,,3565000,1,3553000,,,4,Ad,Player2,Near,,,,,,,,,,144.5638178,492.071752,Down the Line,Backhand,,,,,,,,,,155.935794,242.4573327,,,,1,,,,,,,,,,,,,,,,,,1,
30-0,4-1,1-0,1,3593000,,,,,1,Deuce,Player2,Near,1,Wide,-115.7308454,208.3818241,,,,,,17.39902668,-487.3526083,,,,,,,,,,,,,,,,,,,,,,,,,,,,,,,,,,,1,
30-0,4-1,1-0,,3594000,,,,,2,Deuce,Player2,Near,,,,,,,,,,-190.3170166,526.005829,Down the Line,Forehand,,,,,,,,,,-48.02601706,-291.0734197,,,,,,,,,,,,,,,,,,,,,,1,
30-0,4-1,1-0,,3595000,,,,,3,Ad,Player2,Near,,,,,,,,,,-18.8391787,-450.4837216,Crosscourt,Backhand,,,,,,,,,,151.1779145,422.5793362,,,,,,,,,,,,,,,,,,,,,1,,
30-0,4-1,1-0,,3597000,,,,,4,Ad,Player2,Near,,,,,,,,,,156.7954068,550.4194773,Crosscourt,Backhand,,,,,,,,,,-67.80752406,-128.7412839,,,,,,,,,,,,,,,,,,,,,1,,
30-0,4-1,1-0,,3598000,,,,,5,Ad,Player2,Near,,,,,,,,,,-67.80752406,-148.8458825,Crosscourt,Backhand,,1,,,,,,,,62.75545166,237.9492454,,,,,,,,,,,,,,,,,,,,,,1,
30-0,4-1,1-0,,3599000,,,,,6,Ad,Player2,Near,,,,,,,,,,91.14954615,446.1254101,Crosscourt,Backhand,,,,,,,,,,-62.11451225,-441.7159996,,,,,,,,,,,,,,,,,,,,,1,,
30-0,4-1,1-0,,3603000,,,,,7,Ad,Player2,Near,,,,,,,,,,-47.95819116,-43.72695757,Down the Line,Forehand,,,,,,,,,,-41.64950241,401.7388725,,,,,,,,,,,,,,,,,,,,,1,,
30-0,4-1,1-0,,3604000,,,,,8,Deuce,Player2,Near,,,,,,,,,,-57.6207021,454.1851323,Down the Line,Forehand,,,,,,,,,,-101.1483924,-453.3926564,,,,,,,,,,,,,,,,,,,,,1,,
30-0,4-1,1-0,,3605000,1,3593000,,,9,Ad,Player2,Near,,,,,,,,,,-113.021752,-551.9013506,Down the Line,Backhand,,,,,,,,,,-47.97935805,157.9691164,1,,,,,,,,,,,,,,,,,,,,1,,
40-0,4-1,1-0,1,3634000,,,,,1,Deuce,Player1,Far,1,Body,70.72870735,-231.8923775,,,,,,-55.04978675,500.9247157,,,1,,,,,,,,,,,,,,,,,,,,,,,,,,,,,,,,,
40-0,4-1,1-0,,3635000,,,,,2,Deuce,Player1,Far,,,,,,,,,,113.8606955,-492.0447288,Down the Line,Backhand,,,,,,,,,,49.85057962,347.3677657,,,,,,,,,,,,,,,,,,,,,,1,
40-0,4-1,1-0,,3636000,,,,,3,Ad,Player1,Far,,,,,,,,,,47.18079615,511.780304,Crosscourt,Backhand,,,,,,,,,,-73.87235346,-352.4398185,,,,,,,,,,,,,,,,,,,,,,1,
40-0,4-1,1-0,,3637000,,,,,4,Ad,Player1,Far,,,,,,,,,,-96.2467465,-507.9877187,Crosscourt,Backhand,,,,,,,,,,31.24331802,283.4201553,,,,,,,,,,,,,,,,,,,,,1,,
40-0,4-1,1-0,,3638000,,,,,5,Ad,Player1,Far,,,,,,,,,,70.86776575,499.290923,Crosscourt,Backhand,,,,,,,,,,-149.3397638,-375.9539315,,,,,,,,,,,,,,,,,,,,,1,,
40-0,4-1,1-0,,3640000,,,,,6,Ad,Player1,Far,,,,,,,,,,-169.0717793,-555.0243657,Crosscourt,Backhand,,,,,,,,,,80.05120844,244.7146872,,,,,,,,,,,,,,,,,,,,,,1,
40-0,4-1,1-0,,3641000,,,,,7,Ad,Player1,Far,,,,,,,,,,137.5798556,455.9392662,Down the Line,Backhand,,,,,,,,,,121.9365322,-415.8920549,,,,,,,,,,,,,,,,,,,,,1,,
40-0,4-1,1-0,,3642000,1,3630000,,,8,Deuce,Player1,Far,,,,,,,,,,121.9239009,-500.0782699,Down the Line,Forehand,1,,,,,,,,,73.97971894,240.9741962,1,,,,,,,,,,,,,,,,,,,,,,
40-15,4-1,1-0,1,3665000,,,,,1,Ad,Player1,Far,1,T,-41.60647966,-216.5195538,,,,,,9.756096894,505.2071632,,,,,,,,,,,,,,,,,,,,,,,,,,,,,,,,,,,1,
40-15,4-1,1-0,,3666000,,,,,2,Ad,Player1,Far,,,,,,,,,,-56.61491142,-504.1947889,Down the Line,Forehand,,,,,,,,,,-58.41011592,438.3443023,,,,,,,,,,,,,,,,,,,,,1,,
40-15,4-1,1-0,,3667000,,,,,3,Deuce,Player1,Far,,,,,,,,,,-67.93961614,493.7056212,Down the Line,Forehand,,,,,,,,,,-164.6620243,-175.4526958,,,,,,,,,,,,,,,,,,,,,1,,
40-15,4-1,1-0,,3669000,1,3657000,,,4,Ad,Player1,Far,,,,,,,,,,-188.2700295,-449.8464184,Down the Line,Backhand,,,,,,,,,,-106.2710849,343.8314797,1,,,,,,,,,,,,,,,,,,,,,1,
0-0,4-2,1-0,1,3688000,,,,,1,Deuce,Player1,Far,1,Body,75.87103565,-205.846659,,,,,,-44.96558399,472.8765639,,,,,,,,,,,,,,,,,,,,,,,,,,,,,,,,,,,1,
0-0,4-2,1-0,,3689000,1,3677000,,,2,Deuce,Player1,Far,,,,,,,,,,145.7457185,-504.6128062,Down the Line,Forehand,,,,,,,,,,150.2511264,-52.16025809,,,,1,,,,,,,,,,,,,,,,,1,,
15-0,4-2,1-0,1,3711000,,,,,1,Ad,Player1,Far,1,Wide,-135.5932305,-235.6348589,,,,,,-2.070795057,414.3258968,,,1,,,,,,,,,,,,,,,,,,,,,,,,,,,,,,,,,
15-0,4-2,1-0,,3712000,,,,,2,Ad,Player1,Far,,,,,,,,,,-198.0131124,-507.0890256,Crosscourt,Backhand,,,,,,,,,,69.26899606,313.3583224,,,,,,,,,,,,,,,,,,,,,,1,
15-0,4-2,1-0,,3713000,,,,,3,Ad,Player1,Far,,,,,,,,,,111.5573327,484.067301,Crosscourt,Backhand,,,,,,,,,,-99.33780074,-392.9363572,,,,,,,,,,,,,,,,,,,,,1,,
15-0,4-2,1-0,,3715000,,,,,4,Ad,Player1,Far,,,,,,,,,,-80.09151356,-493.9072616,Crosscourt,Forehand,,,,,,,,,,71.21301947,288.3810914,,,,,,,,,,,,,,,,,,,,,1,,
15-0,4-2,1-0,,3716000,,,,,5,Ad,Player1,Far,,,,,,,,,,128.5877187,511.0252625,Down the Line,Backhand,,,,,,,,,,105.9902887,-331.2617563,,,,,,,,,,,,,,,,,,,,,1,,
15-0,4-2,1-0,,3717000,,,,,6,Deuce,Player1,Far,,,,,,,,,,79.88026575,-515.2573381,Down the Line,Forehand,,,,,,,,,,89.39927822,435.4123633,,,,,,,,,,,,,,,,,,,,,,1,
15-0,4-2,1-0,,3719000,,,,,7,Ad,Player1,Far,,,,,,,,,,83.60655621,516.8019849,Crosscourt,Backhand,,,,,,,,,,-61.94242126,-206.9418252,,,,,,,,,,,,,,,,,,,,,1,,
15-0,4-2,1-0,,3720000,,,,,8,Ad,Player1,Far,,,,,,,,,,-92.41718613,-470.5816601,Down the Line,Forehand,,,,,,,,,,-129.1473589,453.3482557,,,,,,,,,,,,,,,,,,,,,1,,
15-0,4-2,1-0,,3721000,,,,,9,Deuce,Player1,Far,,,,,,,,,,-139.8413823,551.653855,Crosscourt,Forehand,,,,,,,,,,33.52513123,-246.0197999,,,,,,,,,,,,,,,,,,,,,,1,
15-0,4-2,1-0,,3723000,,,,,10,Deuce,Player1,Far,,,,,,,,,,31.06058618,-381.8994149,Crosscourt,Forehand,,,,,,,,,,-72.66878828,258.516951,,,,,,,,,,,,,,,,,,,,,1,,
15-0,4-2,1-0,,3724000,1,3712000,,,11,Deuce,Player1,Far,,,,,,,,,,-114.7453029,558.3791448,Down the Line,Forehand,,,,,,,,,,-129.6667323,-268.3673611,1,,,,,,,,,,,,,,,,,,,,1,,
30-0,4-2,1-0,1,3753000,,,,,1,Deuce,Player1,Far,1,Wide,106.1381124,-147.4626476,,,,,,-48.52341973,489.404533,,,,,,,,,,,,,,,,,,,,,,,,,,,,,,,,,,,1,
30-0,4-2,1-0,,3754000,,,,,2,Deuce,Player1,Far,,,,,,,,,,189.8904254,-492.6616306,Down the Line,Forehand,,,,,,,,,,69.28231627,453.4777832,,,,,,,,,,,,,,,,,,,,,,1,
30-0,4-2,1-0,,3755000,,,,,3,Ad,Player1,Far,,,,,,,,,,55.76505906,507.7408355,Crosscourt,Backhand,,,,,,,,,,-41.98572288,-439.8675525,,,,,,,,,,,,,,,,,,,,,1,,
30-0,4-2,1-0,,3757000,,,,,4,Ad,Player1,Far,,,,,,,,,,-47.57010608,-540.3348152,Crosscourt,Backhand,,,,,,,,,,56.04149169,363.6929079,,,,,,,,,,,,,,,,,,,,,1,,
30-0,4-2,1-0,,3758000,,,,,5,Ad,Player1,Far,,,,,,,,,,68.60895669,523.8323764,Crosscourt,Forehand,,,,,,,,,,-94.08496829,-331.9252023,,,,,,,,,,,,,,,,,,,,,1,,
30-0,4-2,1-0,,3759000,1,3747000,,,6,Ad,Player1,Far,,,,,,,,,,-136.6403981,-535.5010335,Crosscourt,Backhand,,,,,,,,,,131.902652,547.0434164,,,,,1,,,,,,,,,,,,,,,,1,,
40-0,4-2,1-0,1,3786000,,,,,1,Ad,Player1,Far,1,T,-51.91199694,-203.2682797,,,,,,4.977280184,454.8716207,,,1,,,,,,,,,,,,,,,,,,,,,,,,,,,,,,,,,
40-0,4-2,1-0,,3787000,,,,,2,Ad,Player1,Far,,,,,,,,,,-66.96697288,-498.5943679,Crosscourt,Forehand,,,,,,,,,,5.518585958,327.1211614,,,,,,,,,,,,,,,,,,,,,1,,
40-0,4-2,1-0,,3788000,,,,,3,Ad,Player1,Far,,,,,,,,,,-0.9478401137,553.2901356,Crosscourt,Forehand,,,,,,,,,,101.9900536,-338.9445702,,,,,,,,,,,,,,,,,,,,,1,,
40-0,4-2,1-0,,3789000,,,,,4,Deuce,Player1,Far,,,,,,,,,,103.0097769,-485.5071085,Crosscourt,Forehand,,,,,,,,,,-69.15447288,371.8794401,,,,,,,,,,,,,,,,,,,,,,1,
40-0,4-2,1-0,,3790000,,,,,5,Deuce,Player1,Far,,,,,,,,,,-94.96609252,488.5492454,Down the Line,Forehand,,,,,,,,,,-82.33064851,-257.7486275,,,,,,,,,,,,,,,,,,,,,1,,
40-0,4-2,1-0,,3792000,,,,,6,Ad,Player1,Far,,,,,,,,,,-74.51379046,-524.881764,Crosscourt,Backhand,,,,,,,,,,98.33132108,351.3634843,,,,,,,,,,,,,,,,,,,,,1,,
40-0,4-2,1-0,,3793000,,,,,7,Ad,Player1,Far,,,,,,,,,,123.6327154,534.6233924,Down the Line,Backhand,,,,,,,,,,59.95304024,-338.7018591,,,,,,,,,,,,,,,,,,,,,1,,
40-0,4-2,1-0,,3794000,,,,,8,Deuce,Player1,Far,,,,,,,,,,22.03051728,-468.5394193,Crosscourt,Forehand,,,,,,,,,,-119.1149825,248.2645615,,,,,,,,,,,,,,,,,,,,,1,,
40-0,4-2,1-0,,3795000,,,,,9,Deuce,Player1,Far,,,,,,,,,,-179.1760389,554.7441437,Down the Line,Forehand,,,,,,,,,,-100.9999945,-234.701028,,,,,,,,,,,,,,,,,,,,,1,,
40-0,4-2,1-0,,3797000,1,3785000,,,10,Ad,Player1,Far,,,,,,,,,,-88.24899388,-402.7551892,Crosscourt,Backhand,,,,,,,,,,133.6175908,280.5327318,1,,,,,,,,,,,,,,,,,,,,1,,
0-0,5-2,1-0,1,3802000,,,,,1,Deuce,Player2,Near,0,Wide,201.0098535,-47.73301072,,,,,,-30.57110674,472.5404965,,,,,,,,,,,,,,,,,1,,,,,,,,,,,,,,,,,,1,
0-0,5-2,1-0,,3911000,,,,,2,Deuce,Player2,Far,,,,,,,,,,88.82604987,-488.4519466,Down the Line,Backhand,,,,,,,,,,24.97543198,362.2422682,,,,,,,,,,,,,,,,,,,,,1,,
0-0,5-2,1-0,,3912000,,,,,3,Ad,Player2,Far,,,,,,,,,,12.00353784,541.8099519,Crosscourt,Forehand,,,,,,,,,,-125.0081037,-255.9123141,,,,,,,,,,,,,,,,,,,,,,1,
0-0,5-2,1-0,,3914000,,,,,4,Ad,Player2,Far,,,,,,,,,,-177.4409668,-555.755829,Down the Line,Backhand,,,,,,,,,,-115.2208497,272.6612533,,,,,,,,,,,,,,,,,,,,,1,,
0-0,5-2,1-0,,3915000,1,3903000,,,5,Deuce,Player2,Far,,,,,,,,,,-115.2208497,318.9293854,Crosscourt,Forehand,,1,,,,,,,,147.7409558,-315.8470199,1,,,,,,,,,,,,,,,,,,,,,1,
15-0,5-2,1-0,1,3937000,,,,,1,Ad,Player2,Far,1,Wide,-136.6494313,-164.6937937,,,,,,19.3316437,507.5044401,,,,,,,,,,,,,,,,,,,,,,,,,,,,,,,,,,,1,
15-0,5-2,1-0,,3938000,,,,,2,Ad,Player2,Far,,,,,,,,,,-204.1148021,-479.678598,Crosscourt,Backhand,,,,,,,,,,39.49629812,272.0956037,,,,,,,,,,,,,,,,,,,,,1,,
15-0,5-2,1-0,,3939000,1,3927000,,,3,Ad,Player2,Far,,,,,,,,,,112.5117946,482.4516514,Down the Line,Forehand,,,,,,,,,,83.46500984,243.0400153,,,,1,,,,,,,,,,,,,,,,,,1,
15-15,5-2,1-0,1,3957000,,,,,1,Deuce,Player2,Far,1,Body,95.188785,-227.3214403,,,,,,-45.35730534,489.6740759,,,,,,,,,,,,,,,,,,,,,,,,,,,,,,,,,,,1,
15-15,5-2,1-0,,3958000,,,,,2,Deuce,Player2,Far,,,,,,,,,,132.3707732,-470.3138397,Down the Line,Backhand,,,,,,,,,,135.2058727,286.1893045,,,,,,,,,,,,,,,,,,,,,,1,
15-15,5-2,1-0,,3959000,1,3947000,,,3,Ad,Player2,Far,,,,,,,,,,150.6770669,545.8491142,Down the Line,Backhand,,,,,,,,,,26.65944335,33.47012795,,,,1,,,,,,,,,,,,,,,,,1,,
15-30,5-2,1-0,1,3983000,,,,,1,Ad,Player2,Far,1,Body,-102.07097,-178.3143209,,,,,,31.22992126,511.1725886,,,,,,,,,,,,,,,,,,,,,,,,,,,,,,,,,,,1,
15-30,5-2,1-0,,3984000,,,,,2,Ad,Player2,Far,,,,,,,,,,-193.2682087,-519.3776083,Down the Line,Backhand,,,,,,,,,,-22.11633311,318.7288167,,,,,,,,,,,,,,,,,,,,,1,,
15-30,5-2,1-0,,3985000,1,3973000,,,3,Deuce,Player2,Far,,,,,,,,,,-22.11633311,364.9969488,Crosscourt,Forehand,,,,,,,,,,24.12179024,0.7519028871,,,,1,,,,,,,,,,,,,,,,,1,,
15-40,5-2,1-0,1,3999000,1,3996000,,1,1,Deuce,Player2,Far,0,T,48.01078303,-432.2805063,0,Body,76.61402012,224.1957458,,-36.382278,476.6009022,,,,,,,,,,,,,,,,,1,,,,,,,,,,,,,,,,,,1,