pointNumber,player1Name,player2Name,pointScore,gameScore,setScore,tiebreakScore,side,serverName,returnerName,clientTeam,opponentTeam,Position,pointEndPosition,Duration,rallyCount,rallyCountFreq,firstServeIn,secondServeIn,serveResult,serveInPlacement,firstServeZone,secondServeZone,isAce,serverFarNear,firstServeXCoord,firstServeYCoord,secondServeXCoord,secondServeYCoord,returnDirection,returnFhBh,errorType,returnError,lastShotDirection,lastShotFhBh,lastShotHitBy,lastShotResult,pointWonBy,isExcitingPoint,isBreakPoint,atNetPlayer1,atNetPlayer2,setNum,player1SetScore,player2SetScore,player1GameScore,player2GameScore,player1PointScore,player2PointScore,player1TiebreakScore,player2TiebreakScore,gameNumber,player1ServeResult,player1ServePlacement,player1ReturnPlacement,player1ReturnFhBh,player1LastShotPlacement,player1LastShotFhBh,player1LastShotResult,player2ServeResult,player2ServePlacement,player2ReturnPlacement,player2ReturnFhBh,player2LastShotPlacement,player2LastShotFhBh,player2LastShotResult,deepCountPlayer1,deepCountPlayer2,shortCountPlayer1,shortCountPlayer2,Name
1,Rudy Quan,Youcef Rihane,0-0,0-0,0-0,,Deuce,Rudy Quan,Youcef Rihane,UCLA,Florida State University,12000.0,17000.0,5000.0,15,13+,1,0,1st Serve In,T,T,,False,Far,14.37931977,-198.3923939,,,Crosscourt,Backhand,Net,,Down the Line,Forehand,Rudy Quan,Error,Youcef Rihane,,False,,,1,0,0,0,0,0,0,,,1,1st Serve In,Deuce: T,,,Down the Line,Forehand,Error,,,Crosscourt,Backhand,,,,3.0,0.0,3.0,6.0,"Set 1: 0-0, 0-0 Rudy Quan Serving"
2,Rudy Quan,Youcef Rihane,0-15,0-0,0-0,,Ad,Rudy Quan,Youcef Rihane,UCLA,Florida State University,56000.0,50000.0,-6000.0,6,5-8,1,0,1st Serve In,Body,Body,,False,Far,-91.1540245,-230.8234307,,,Down the Line,Backhand,,,Down the Line,Backhand,Youcef Rihane,Winner,Youcef Rihane,0.0,False,,,1,0,0,0,0,0,15,,,1,1st Serve In,Ad: Body,,,,,,,,Down the Line,Backhand,Down the Line,Backhand,Winner,0.0,1.0,2.0,2.0,"Set 1: 0-0, 0-15 Rudy Quan Serving"
3,Rudy Quan,Youcef Rihane,0-30,0-0,0-0,,Deuce,Rudy Quan,Youcef Rihane,UCLA,Florida State University,84000.0,77000.0,-7000.0,5,5-8,1,0,1st Serve In,Wide,Wide,,False,Far,154.4773075,-228.133131,,,Crosscourt,Forehand,Net,,Down the Line,Backhand,Rudy Quan,Error,Youcef Rihane,0.0,False,,,1,0,0,0,0,0,30,,,1,1st Serve In,Deuce: Wide,,,Down the Line,Backhand,Error,,,Crosscourt,Forehand,,,,0.0,2.0,1.0,0.0,"Set 1: 0-0, 0-30 Rudy Quan Serving"
4,Rudy Quan,Youcef Rihane,0-40,0-0,0-0,,Ad,Rudy Quan,Youcef Rihane,UCLA,Florida State University,113000.0,105000.0,-8000.0,4,1-4,1,0,1st Serve In,Body,Body,,False,Far,-97.85263561,-171.1208333,,,Crosscourt,Backhand,Net,,Down the Line,Backhand,Youcef Rihane,Error,Rudy Quan,0.0,True,,,1,0,0,0,0,0,40,,,1,1st Serve In,Ad: Body,,,,,,,,Crosscourt,Backhand,Down the Line,Backhand,Error,0.0,0.0,1.0,1.0,"Set 1: 0-0, 0-40 Rudy Quan Serving"
5,Rudy Quan,Youcef Rihane,15-40,0-0,0-0,,Deuce,Rudy Quan,Youcef Rihane,UCLA,Florida State University,138000.0,130000.0,-8000.0,4,1-4,1,0,1st Serve In,T,T,,False,Far,24.95870516,-209.6828412,,,Crosscourt,Backhand,,,Crosscourt,Backhand,Youcef Rihane,Winner,Youcef Rihane,0.0,True,,,1,0,0,0,0,15,40,,,1,1st Serve In,Deuce: T,,,,,,,,Crosscourt,Backhand,Crosscourt,Backhand,Winner,0.0,1.0,1.0,1.0,"Set 1: 0-0, 15-40 Rudy Quan Serving"
6,Rudy Quan,Youcef Rihane,0-0,0-1,0-0,,Deuce,Youcef Rihane,Rudy Quan,UCLA,Florida State University,196000.0,187000.0,-9000.0,4,1-4,0,0,Double Fault,,Wide,,False,Far,130.625864,-255.0690453,,,Down the Line,Forehand,Wide Right,,Down the Line,Forehand,Rudy Quan,Error,Youcef Rihane,0.0,False,,,1,0,0,0,1,0,0,,,2,,,Down the Line,Forehand,Down the Line,Forehand,Error,Double Fault,,,,,,,0.0,0.0,1.0,1.0,"Set 1: 0-1, 0-0 Youcef Rihane Serving"
7,Rudy Quan,Youcef Rihane,15-0,0-1,0-0,,Ad,Youcef Rihane,Rudy Quan,UCLA,Florida State University,215000.0,211000.0,-4000.0,7,5-8,1,0,1st Serve In,Body,Body,,False,Far,-90.94365704,-190.4781223,,,Down the Line,Backhand,Net,,Down the Line,Backhand,Youcef Rihane,Error,Rudy Quan,0.0,False,,,1,0,0,0,1,15,0,,,2,,,Down the Line,Backhand,,,,1st Serve In,Ad: Body,,,Down the Line,Backhand,Error,1.0,0.0,2.0,2.0,"Set 1: 0-1, 15-0 Youcef Rihane Serving"
8,Rudy Quan,Youcef Rihane,15-15,0-1,0-0,,Deuce,Youcef Rihane,Rudy Quan,UCLA,Florida State University,254000.0,251000.0,-3000.0,7,5-8,1,0,1st Serve In,T,T,,False,Far,27.49038714,-164.1918362,,,Crosscourt,Backhand,Net,,Down the Line,Forehand,Youcef Rihane,Error,Rudy Quan,0.0,False,,,1,0,0,0,1,15,15,,,2,,,Crosscourt,Backhand,,,,1st Serve In,Deuce: T,,,Down the Line,Forehand,Error,1.0,0.0,2.0,2.0,"Set 1: 0-1, 15-15 Youcef Rihane Serving"
9,Rudy Quan,Youcef Rihane,15-30,0-1,0-0,,Ad,Youcef Rihane,Rudy Quan,UCLA,Florida State University,289000.0,298000.0,9000.0,7,5-8,0,1,2nd Serve In,Wide,Body,Wide,False,Far,-55.49356409,1.242798556,-111.8560039,-151.8534175,Crosscourt,Backhand,Net,,Down the Line,Forehand,Youcef Rihane,Error,Rudy Quan,0.0,False,,,1,0,0,0,1,15,30,,,2,,,Crosscourt,Backhand,,,,2nd Serve In,Ad: Wide,,,Down the Line,Forehand,Error,2.0,1.0,1.0,1.0,"Set 1: 0-1, 15-30 Youcef Rihane Serving"
10,Rudy Quan,Youcef Rihane,15-40,0-1,0-0,,Deuce,Youcef Rihane,Rudy Quan,UCLA,Florida State University,336000.0,325000.0,-11000.0,2,1-4,1,0,1st Serve In,Body,Body,,False,Far,55.02502187,-169.4920549,,,Down the Line,Backhand,Net,Net,Down the Line,Backhand,Rudy Quan,Error,Youcef Rihane,0.0,True,,,1,0,0,0,1,15,40,,,2,,,Down the Line,Backhand,Down the Line,Backhand,Error,1st Serve In,Deuce: Body,,,,,,0.0,0.0,0.0,0.0,"Set 1: 0-1, 15-40 Youcef Rihane Serving"
11,Rudy Quan,Youcef Rihane,30-40,0-1,0-0,,Ad,Youcef Rihane,Rudy Quan,UCLA,Florida State University,356000.0,364000.0,8000.0,9,9-12,0,1,2nd Serve In,Body,Wide,Body,False,Far,-165.1060696,-216.7471839,-88.72346894,-181.3916339,Crosscourt,Backhand,Net,,Down the Line,Forehand,Youcef Rihane,Error,Rudy Quan,0.0,True,,,1,0,0,0,1,30,40,,,2,,,Crosscourt,Backhand,,,,2nd Serve In,Ad: Body,,,Down the Line,Forehand,Error,2.0,0.0,2.0,3.0,"Set 1: 0-1, 30-40 Youcef Rihane Serving"
12,Rudy Quan,Youcef Rihane,0-0,1-1,0-0,,Deuce,Rudy Quan,Youcef Rihane,UCLA,Florida State University,414000.0,416000.0,2000.0,2,1-4,0,1,2nd Serve In,T,T,T,False,Near,-46.56523403,297.8676455,-19.79547791,179.6361986,Down the Line,Backhand,Net,Net,Down the Line,Backhand,Youcef Rihane,Error,Rudy Quan,0.0,False,,,1,0,0,1,1,0,0,,,3,2nd Serve In,Deuce: T,,,,,,,,Down the Line,Backhand,Down the Line,Backhand,Error,0.0,0.0,0.0,0.0,"Set 1: 1-1, 0-0 Rudy Quan Serving"
13,Rudy Quan,Youcef Rihane,15-0,1-1,0-0,,Ad,Rudy Quan,Youcef Rihane,UCLA,Florida State University,447000.0,441000.0,-6000.0,6,5-8,1,0,1st Serve In,Body,Body,,False,Near,87.04278762,229.6965715,,,Crosscourt,Backhand,Net,,Down the Line,Forehand,Youcef Rihane,Error,Rudy Quan,0.0,False,,,1,0,0,1,1,15,0,,,3,1st Serve In,Ad: Body,,,,,,,,Crosscourt,Backhand,Down the Line,Forehand,Error,0.0,1.0,2.0,1.0,"Set 1: 1-1, 15-0 Rudy Quan Serving"
14,Rudy Quan,Youcef Rihane,30-0,1-1,0-0,,Deuce,Rudy Quan,Youcef Rihane,UCLA,Florida State University,475000.0,467000.0,-8000.0,5,5-8,1,0,1st Serve In,T,T,,False,Near,-11.58031496,219.2470965,,,Down the Line,Backhand,,,Crosscourt,Forehand,Rudy Quan,Winner,Rudy Quan,0.0,False,Rudy Quan,,1,0,0,1,1,30,0,,,3,1st Serve In,Deuce: T,,,Crosscourt,Forehand,Winner,,,Down the Line,Backhand,,,,0.0,0.0,2.0,2.0,"Set 1: 1-1, 30-0 Rudy Quan Serving"
15,Rudy Quan,Youcef Rihane,40-0,1-1,0-0,,Ad,Rudy Quan,Youcef Rihane,UCLA,Florida State University,505000.0,503000.0,-2000.0,2,1-4,0,1,2nd Serve In,Body,Wide,Body,False,Near,117.8913605,290.2663222,90.88413714,182.6729768,Down the Line,Backhand,Wide Left,Wide Left,Down the Line,Backhand,Youcef Rihane,Error,Rudy Quan,0.0,False,,,1,0,0,1,1,40,0,,,3,2nd Serve In,Ad: Body,,,,,,,,Down the Line,Backhand,Down the Line,Backhand,Error,0.0,0.0,0.0,0.0,"Set 1: 1-1, 40-0 Rudy Quan Serving"
16,Rudy Quan,Youcef Rihane,0-0,2-1,0-0,,Deuce,Youcef Rihane,Rudy Quan,UCLA,Florida State University,607000.0,601000.0,-6000.0,6,5-8,1,0,1st Serve In,T,T,,False,Near,-37.38026028,167.6413112,,,Down the Line,Backhand,Long,,Crosscourt,Backhand,Rudy Quan,Error,Youcef Rihane,0.0,False,,,1,0,0,2,1,0,0,,,4,,,Down the Line,Backhand,Crosscourt,Backhand,Error,1st Serve In,Deuce: T,,,,,,1.0,0.0,1.0,2.0,"Set 1: 2-1, 0-0 Youcef Rihane Serving"
17,Rudy Quan,Youcef Rihane,15-0,2-1,0-0,,Ad,Youcef Rihane,Rudy Quan,UCLA,Florida State University,629000.0,618000.0,-11000.0,2,1-4,1,0,1st Serve In,Body,Body,,False,Near,104.4013944,204.3800197,,,Down the Line,Backhand,Net,Net,Down the Line,Backhand,Rudy Quan,Error,Youcef Rihane,0.0,False,,,1,0,0,2,1,15,0,,,4,,,Down the Line,Backhand,Down the Line,Backhand,Error,1st Serve In,Ad: Body,,,,,,0.0,0.0,0.0,0.0,"Set 1: 2-1, 15-0 Youcef Rihane Serving"
18,Rudy Quan,Youcef Rihane,30-0,2-1,0-0,,Deuce,Youcef Rihane,Rudy Quan,UCLA,Florida State University,651000.0,646000.0,-5000.0,6,5-8,1,0,1st Serve In,Wide,Wide,,False,Near,-105.7420658,207.3607229,,,Down the Line,Forehand,,,Crosscourt,Forehand,Rudy Quan,Winner,Rudy Quan,0.0,False,,,1,0,0,2,1,30,0,,,4,,,Down the Line,Forehand,Crosscourt,Forehand,Winner,1st Serve In,Deuce: Wide,,,,,,1.0,0.0,2.0,2.0,"Set 1: 2-1, 30-0 Youcef Rihane Serving"
19,Rudy Quan,Youcef Rihane,30-15,2-1,0-0,,Ad,Youcef Rihane,Rudy Quan,UCLA,Florida State University,682000.0,671000.0,-11000.0,2,1-4,1,0,1st Serve In,Wide,Wide,,False,Near,150.1198381,183.8584755,,,Down the Line,Backhand,Net,Net,Down the Line,Backhand,Rudy Quan,Error,Youcef Rihane,,False,,,1,0,0,2,1,30,15,,,4,,,Down the Line,Backhand,Down the Line,Backhand,Error,1st Serve In,Ad: Wide,,,,,,0.0,0.0,0.0,0.0,"Set 1: 2-1, 30-15 Youcef Rihane Serving"
20,Rudy Quan,Youcef Rihane,40-15,2-1,0-0,,Deuce,Youcef Rihane,Rudy Quan,UCLA,Florida State University,702000.0,693000.0,-9000.0,4,1-4,1,0,1st Serve In,T,T,,False,Near,-41.19431868,222.0546369,,,Down the Line,Backhand,Long,,Down the Line,Backhand,Rudy Quan,Error,Youcef Rihane,,False,,,1,0,0,2,1,40,15,,,4,,,Down the Line,Backhand,Down the Line,Backhand,Error,1st Serve In,Deuce: T,,,,,,0.0,0.0,1.0,1.0,"Set 1: 2-1, 40-15 Youcef Rihane Serving"
21,Rudy Quan,Youcef Rihane,0-0,2-2,0-0,,Deuce,Rudy Quan,Youcef Rihane,UCLA,Florida State University,737000.0,753000.0,16000.0,22,13+,1,0,1st Serve In,Body,Body,,False,Far,76.93856627,-205.369007,,,Crosscourt,Forehand,,,Down the Line,Forehand,Youcef Rihane,Winner,Youcef Rihane,,False,,,1,0,0,2,2,0,0,,,5,1st Serve In,Deuce: Body,,,,,,,,Crosscourt,Forehand,Down the Line,Forehand,Winner,2.0,4.0,8.0,7.0,"Set 1: 2-2, 0-0 Rudy Quan Serving"
22,Rudy Quan,Youcef Rihane,0-15,2-2,0-0,,Ad,Rudy Quan,Youcef Rihane,UCLA,Florida State University,794000.0,783000.0,-11000.0,2,1-4,1,0,1st Serve In,Body,Body,,False,Far,-98.79358596,-171.8631288,,,Crosscourt,Backhand,Net,Net,Crosscourt,Backhand,Youcef Rihane,Error,Rudy Quan,,False,,,1,0,0,2,2,0,15,,,5,1st Serve In,Ad: Body,,,,,,,,Crosscourt,Backhand,Crosscourt,Backhand,Error,0.0,0.0,0.0,0.0,"Set 1: 2-2, 0-15 Rudy Quan Serving"
23,Rudy Quan,Youcef Rihane,15-15,2-2,0-0,,Deuce,Rudy Quan,Youcef Rihane,UCLA,Florida State University,823000.0,817000.0,-6000.0,5,5-8,1,0,1st Serve In,Wide,Wide,,False,Far,156.4531769,-242.0514108,,,Crosscourt,Forehand,,,Down the Line,Forehand,Rudy Quan,Winner,Rudy Quan,,False,Rudy Quan,,1,0,0,2,2,15,15,,,5,1st Serve In,Deuce: Wide,,,Down the Line,Forehand,Winner,,,Crosscourt,Forehand,,,,1.0,0.0,1.0,2.0,"Set 1: 2-2, 15-15 Rudy Quan Serving"
24,Rudy Quan,Youcef Rihane,30-15,2-2,0-0,,Ad,Rudy Quan,Youcef Rihane,UCLA,Florida State University,861000.0,864000.0,3000.0,2,1-4,1,1,1st Serve In,T,T,Body,False,Far,-0.7197889326,-184.0518482,-81.84028871,-159.6703521,Down the Line,Forehand,Long,Long,Down the Line,Forehand,Youcef Rihane,Error,Rudy Quan,,False,,,1,0,0,2,2,30,15,,,5,1st Serve In,Ad: T,,,,,,,,Down the Line,Forehand,Down the Line,Forehand,Error,0.0,0.0,0.0,0.0,"Set 1: 2-2, 30-15 Rudy Quan Serving"
25,Rudy Quan,Youcef Rihane,40-15,2-2,0-0,,Deuce,Rudy Quan,Youcef Rihane,UCLA,Florida State University,897000.0,893000.0,-4000.0,7,5-8,1,0,1st Serve In,T,T,,False,Far,39.71738298,-171.1036089,,,Crosscourt,Backhand,,,Crosscourt,Forehand,Rudy Quan,Winner,Rudy Quan,,False,,,1,0,0,2,2,40,15,,,5,1st Serve In,Deuce: T,,,Crosscourt,Forehand,Winner,,,Crosscourt,Backhand,,,,2.0,0.0,1.0,3.0,"Set 1: 2-2, 40-15 Rudy Quan Serving"
26,Rudy Quan,Youcef Rihane,0-0,3-2,0-0,,Deuce,Youcef Rihane,Rudy Quan,UCLA,Florida State University,1011000.0,1000000.0,-11000.0,2,1-4,1,0,1st Serve In,T,T,,False,Far,10.42195429,-175.4216918,,,Down the Line,Backhand,Wide Right,Wide Right,Down the Line,Backhand,Rudy Quan,Error,Youcef Rihane,,False,,,1,0,0,3,2,0,0,,,6,,,Down the Line,Backhand,Down the Line,Backhand,Error,1st Serve In,Deuce: T,,,,,,0.0,0.0,0.0,0.0,"Set 1: 3-2, 0-0 Youcef Rihane Serving"
27,Rudy Quan,Youcef Rihane,15-0,3-2,0-0,,Ad,Youcef Rihane,Rudy Quan,UCLA,Florida State University,1025000.0,1015000.0,-10000.0,3,1-4,1,0,1st Serve In,Body,Body,,False,Far,-101.8737314,-178.1283738,,,Crosscourt,Backhand,,,Down the Line,Forehand,Youcef Rihane,Winner,Youcef Rihane,,False,,,1,0,0,3,2,15,0,,,6,,,Crosscourt,Backhand,,,,1st Serve In,Ad: Body,,,Down the Line,Forehand,Winner,0.0,1.0,1.0,0.0,"Set 1: 3-2, 15-0 Youcef Rihane Serving"
28,Rudy Quan,Youcef Rihane,30-0,3-2,0-0,,Deuce,Youcef Rihane,Rudy Quan,UCLA,Florida State University,1044000.0,1050000.0,6000.0,7,5-8,0,1,2nd Serve In,T,Wide,T,False,Far,173.1636483,246.061215,23.21234143,-147.0880741,Down the Line,Backhand,Net,,Crosscourt,Backhand,Youcef Rihane,Error,Rudy Quan,,False,,,1,0,0,3,2,30,0,,,6,,,Down the Line,Backhand,,,,2nd Serve In,Deuce: T,,,Crosscourt,Backhand,Error,1.0,0.0,2.0,2.0,"Set 1: 3-2, 30-0 Youcef Rihane Serving"
29,Rudy Quan,Youcef Rihane,30-15,3-2,0-0,,Ad,Youcef Rihane,Rudy Quan,UCLA,Florida State University,1087000.0,1086000.0,-1000.0,2,1-4,0,1,2nd Serve In,Wide,T,Wide,False,Far,-41.97531168,-268.8167268,-124.4364829,-183.3826225,Down the Line,Backhand,Net,Net,Down the Line,Backhand,Rudy Quan,Error,Youcef Rihane,,False,,,1,0,0,3,2,30,15,,,6,,,Down the Line,Backhand,Down the Line,Backhand,Error,2nd Serve In,Ad: Wide,,,,,,0.0,0.0,0.0,0.0,"Set 1: 3-2, 30-15 Youcef Rihane Serving"
30,Rudy Quan,Youcef Rihane,40-15,3-2,0-0,,Deuce,Youcef Rihane,Rudy Quan,UCLA,Florida State University,1124000.0,1116000.0,-8000.0,5,5-8,1,0,1st Serve In,Wide,Wide,,False,Far,134.4680173,-238.2826717,,,Down the Line,Forehand,,,Crosscourt,Forehand,Youcef Rihane,Winner,Youcef Rihane,,False,,,1,0,0,3,2,40,15,,,6,,,Down the Line,Forehand,,,,1st Serve In,Deuce: Wide,,,Crosscourt,Forehand,Winner,0.0,0.0,2.0,2.0,"Set 1: 3-2, 40-15 Youcef Rihane Serving"
31,Rudy Quan,Youcef Rihane,0-0,3-3,0-0,,Deuce,Rudy Quan,Youcef Rihane,UCLA,Florida State University,1157000.0,1155000.0,-2000.0,2,1-4,0,1,2nd Serve In,T,T,T,False,Near,-36.71505359,277.049229,-44.30520013,178.4607283,Down the Line,Forehand,Long,Long,Down the Line,Forehand,Youcef Rihane,Error,Rudy Quan,,False,,,1,0,0,3,3,0,0,,,7,2nd Serve In,Deuce: T,,,,,,,,Down the Line,Forehand,Down the Line,Forehand,Error,0.0,0.0,0.0,0.0,"Set 1: 3-3, 0-0 Rudy Quan Serving"
32,Rudy Quan,Youcef Rihane,15-0,3-3,0-0,,Ad,Rudy Quan,Youcef Rihane,UCLA,Florida State University,1194000.0,1189000.0,-5000.0,6,5-8,0,0,Double Fault,,Wide,,False,Near,130.8401739,246.651706,,,Crosscourt,Backhand,,,Down the Line,Backhand,Youcef Rihane,Winner,Youcef Rihane,,False,,,1,0,0,3,3,15,0,,,7,Double Fault,,,,,,,,,Crosscourt,Backhand,Down the Line,Backhand,Winner,1.0,1.0,1.0,2.0,"Set 1: 3-3, 15-0 Rudy Quan Serving"
33,Rudy Quan,Youcef Rihane,15-15,3-3,0-0,,Deuce,Rudy Quan,Youcef Rihane,UCLA,Florida State University,1225000.0,1235000.0,10000.0,16,13+,1,0,1st Serve In,Wide,Wide,,False,Near,-123.8162511,201.8673611,,,Down the Line,Forehand,,,Crosscourt,Forehand,Youcef Rihane,Winner,Youcef Rihane,,False,,,1,0,0,3,3,15,15,,,7,1st Serve In,Deuce: Wide,,,,,,,,Down the Line,Forehand,Crosscourt,Forehand,Winner,0.0,3.0,7.0,5.0,"Set 1: 3-3, 15-15 Rudy Quan Serving"
34,Rudy Quan,Youcef Rihane,15-30,3-3,0-0,,Ad,Rudy Quan,Youcef Rihane,UCLA,Florida State University,1273000.0,1270000.0,-3000.0,8,5-8,1,0,1st Serve In,Body,Body,,False,Near,92.41630577,212.2661199,,,Crosscourt,Backhand,,,Crosscourt,Forehand,Youcef Rihane,Winner,Youcef Rihane,,False,,,1,0,0,3,3,15,30,,,7,1st Serve In,Ad: Body,,,,,,,,Crosscourt,Backhand,Crosscourt,Forehand,Winner,1.0,0.0,2.0,4.0,"Set 1: 3-3, 15-30 Rudy Quan Serving"
35,Rudy Quan,Youcef Rihane,30-30,3-3,0-0,,Deuce,Rudy Quan,Youcef Rihane,UCLA,Florida State University,1318000.0,1310000.0,-8000.0,4,1-4,1,0,1st Serve In,Body,Body,,False,Near,-56.557535,207.7594105,,,Down the Line,Backhand,Net,,Down the Line,Backhand,Youcef Rihane,Error,Rudy Quan,,False,,,1,0,0,3,3,30,30,,,7,1st Serve In,Deuce: Body,,,,,,,,Down the Line,Backhand,Down the Line,Backhand,Error,1.0,0.0,0.0,1.0,"Set 1: 3-3, 30-30 Rudy Quan Serving"
36,Rudy Quan,Youcef Rihane,40-30,3-3,0-0,,Ad,Rudy Quan,Youcef Rihane,UCLA,Florida State University,1344000.0,1334000.0,-10000.0,2,1-4,1,0,1st Serve In,T,T,,False,Near,24.65180446,211.2861658,,,Crosscourt,Forehand,Long,Long,Crosscourt,Forehand,Youcef Rihane,Error,Rudy Quan,,False,,,1,0,0,3,3,40,30,,,7,1st Serve In,Ad: T,,,,,,,,Crosscourt,Forehand,Crosscourt,Forehand,Error,0.0,0.0,0.0,0.0,"Set 1: 3-3, 40-30 Rudy Quan Serving"
37,Rudy Quan,Youcef Rihane,0-0,4-3,0-0,,Deuce,Youcef Rihane,Rudy Quan,UCLA,Florida State University,1429000.0,1430000.0,1000.0,5,5-8,0,1,2nd Serve In,T,Wide,T,False,Near,-152.4491907,-222.8564906,-5.866021435,171.76361,Crosscourt,Backhand,Net,,Down the Line,Forehand,Youcef Rihane,Error,Rudy Quan,,False,,,1,0,0,4,3,0,0,,,8,,,Crosscourt,Backhand,,,,2nd Serve In,Deuce: T,,,Down the Line,Forehand,Error,1.0,0.0,1.0,1.0,"Set 1: 4-3, 0-0 Youcef Rihane Serving"
38,Rudy Quan,Youcef Rihane,0-15,4-3,0-0,,Ad,Youcef Rihane,Rudy Quan,UCLA,Florida State University,1464000.0,1472000.0,8000.0,10,9-12,0,1,2nd Serve In,Wide,Body,Wide,False,Near,104.3937391,-53.21155949,107.1239228,180.8876859,Crosscourt,Backhand,Net,,Down the Line,Forehand,Rudy Quan,Error,Youcef Rihane,,False,,,1,0,0,4,3,0,15,,,8,,,Crosscourt,Backhand,Down the Line,Forehand,Error,2nd Serve In,Ad: Wide,,,,,,0.0,0.0,4.0,4.0,"Set 1: 4-3, 0-15 Youcef Rihane Serving"
39,Rudy Quan,Youcef Rihane,15-15,4-3,0-0,,Deuce,Youcef Rihane,Rudy Quan,UCLA,Florida State University,1512000.0,1501000.0,-11000.0,2,1-4,1,0,1st Serve In,T,T,,False,Near,-33.12992673,162.8470308,,,Down the Line,Backhand,,,Down the Line,Backhand,Rudy Quan,Winner,Rudy Quan,,False,,,1,0,0,4,3,15,15,,,8,,,Down the Line,Backhand,Down the Line,Backhand,Winner,1st Serve In,Deuce: T,,,,,,0.0,0.0,1.0,0.0,"Set 1: 4-3, 15-15 Youcef Rihane Serving"
40,Rudy Quan,Youcef Rihane,30-15,4-3,0-0,,Ad,Youcef Rihane,Rudy Quan,UCLA,Florida State University,1535000.0,1529000.0,-6000.0,6,5-8,1,0,1st Serve In,Wide,Wide,,False,Near,109.7591426,188.1938211,,,Down the Line,Backhand,Net,,Down the Line,Forehand,Rudy Quan,Error,Youcef Rihane,,False,,,1,0,0,4,3,30,15,,,8,,,Down the Line,Backhand,Down the Line,Forehand,Error,1st Serve In,Ad: Wide,,,,,,0.0,0.0,2.0,2.0,"Set 1: 4-3, 30-15 Youcef Rihane Serving"
41,Rudy Quan,Youcef Rihane,40-15,4-3,0-0,,Deuce,Youcef Rihane,Rudy Quan,UCLA,Florida State University,1561000.0,1556000.0,-5000.0,6,5-8,1,0,1st Serve In,T,T,,False,Near,-11.77024278,183.0082404,,,Crosscourt,Backhand,Wide Left,,Crosscourt,Backhand,Rudy Quan,Error,Youcef Rihane,,False,,Youcef Rihane,1,0,0,4,3,40,15,,,8,,,Crosscourt,Backhand,Crosscourt,Backhand,Error,1st Serve In,Deuce: T,,,,,,0.0,0.0,2.0,2.0,"Set 1: 4-3, 40-15 Youcef Rihane Serving"
42,Rudy Quan,Youcef Rihane,0-0,4-4,0-0,,Deuce,Rudy Quan,Youcef Rihane,UCLA,Florida State University,1601000.0,1594000.0,-7000.0,5,5-8,1,0,1st Serve In,T,T,,False,Far,29.93407152,-181.9839622,,,Crosscourt,Backhand,,,Down the Line,Forehand,Rudy Quan,Winner,Rudy Quan,,False,,,1,0,0,4,4,0,0,,,9,1st Serve In,Deuce: T,,,Down the Line,Forehand,Winner,,,Crosscourt,Backhand,,,,1.0,0.0,1.0,2.0,"Set 1: 4-4, 0-0 Rudy Quan Serving"
43,Rudy Quan,Youcef Rihane,15-0,4-4,0-0,,Ad,Rudy Quan,Youcef Rihane,UCLA,Florida State University,1637000.0,1640000.0,3000.0,13,13+,1,0,1st Serve In,Wide,Wide,,False,Far,-145.7944444,-173.7557852,,,Crosscourt,Backhand,Net,,Down the Line,Backhand,Rudy Quan,Error,Youcef Rihane,,False,,,1,0,0,4,4,15,0,,,9,1st Serve In,Ad: Wide,,,Down the Line,Backhand,Error,,,Crosscourt,Backhand,,,,0.0,2.0,5.0,4.0,"Set 1: 4-4, 15-0 Rudy Quan Serving"
44,Rudy Quan,Youcef Rihane,30-0,4-4,0-0,,Deuce,Rudy Quan,Youcef Rihane,UCLA,Florida State University,1681000.0,1686000.0,5000.0,14,13+,1,0,1st Serve In,Body,Body,,False,Far,68.04411089,-163.7768427,,,Down the Line,Forehand,Net,,Crosscourt,Forehand,Youcef Rihane,Error,Rudy Quan,,False,,,1,0,0,4,4,30,0,,,9,1st Serve In,Deuce: Body,,,,,,,,Down the Line,Forehand,Crosscourt,Forehand,Error,3.0,2.0,3.0,3.0,"Set 1: 4-4, 30-0 Rudy Quan Serving"
45,Rudy Quan,Youcef Rihane,40-0,4-4,0-0,,Ad,Rudy Quan,Youcef Rihane,UCLA,Florida State University,1731000.0,1722000.0,-9000.0,4,1-4,1,0,1st Serve In,Body,Body,,False,Far,-98.19543963,-144.1513123,,,Crosscourt,Backhand,Net,,Down the Line,Forehand,Youcef Rihane,Error,Rudy Quan,,False,,,1,0,0,4,4,40,0,,,9,1st Serve In,Ad: Body,,,,,,,,Crosscourt,Backhand,Down the Line,Forehand,Error,1.0,0.0,0.0,1.0,"Set 1: 4-4, 40-0 Rudy Quan Serving"
46,Rudy Quan,Youcef Rihane,0-0,5-4,0-0,,Deuce,Youcef Rihane,Rudy Quan,UCLA,Florida State University,1825000.0,1821000.0,-4000.0,7,5-8,1,0,1st Serve In,Wide,Wide,,False,Far,137.1535324,-150.3538222,,,Crosscourt,Forehand,Net,,Down the Line,Backhand,Youcef Rihane,Error,Rudy Quan,,False,,,1,0,0,5,4,0,0,,,10,,,Crosscourt,Forehand,,,,1st Serve In,Deuce: Wide,,,Down the Line,Backhand,Error,0.0,0.0,3.0,2.0,"Set 1: 5-4, 0-0 Youcef Rihane Serving"
47,Rudy Quan,Youcef Rihane,0-15,5-4,0-0,,Ad,Youcef Rihane,Rudy Quan,UCLA,Florida State University,1853000.0,1844000.0,-9000.0,4,1-4,1,0,1st Serve In,Wide,Wide,,False,Far,-116.9721129,-235.8328631,,,Down the Line,Backhand,Net,,Down the Line,Backhand,Rudy Quan,Error,Youcef Rihane,,False,,,1,0,0,5,4,0,15,,,10,,,Down the Line,Backhand,Down the Line,Backhand,Error,1st Serve In,Ad: Wide,,,,,,0.0,0.0,1.0,1.0,"Set 1: 5-4, 0-15 Youcef Rihane Serving"
48,Rudy Quan,Youcef Rihane,15-15,5-4,0-0,,Deuce,Youcef Rihane,Rudy Quan,UCLA,Florida State University,1880000.0,1892000.0,12000.0,11,9-12,0,1,2nd Serve In,Body,T,Body,False,Far,36.92052165,236.9492727,73.20955818,-150.9510116,Crosscourt,Forehand,Net,,Crosscourt,Forehand,Youcef Rihane,Error,Rudy Quan,,False,Rudy Quan,,1,0,0,5,4,15,15,,,10,,,Crosscourt,Forehand,,,,2nd Serve In,Deuce: Body,,,Crosscourt,Forehand,Error,2.0,1.0,3.0,3.0,"Set 1: 5-4, 15-15 Youcef Rihane Serving"
49,Rudy Quan,Youcef Rihane,15-30,5-4,0-0,,Ad,Youcef Rihane,Rudy Quan,UCLA,Florida State University,1942000.0,1939000.0,-3000.0,8,5-8,1,0,1st Serve In,T,T,,False,Far,-43.52761374,-183.3107776,,,Down the Line,Forehand,,,Crosscourt,Forehand,Rudy Quan,Winner,Rudy Quan,,False,,,1,0,0,5,4,15,30,,,10,,,Down the Line,Forehand,Crosscourt,Forehand,Winner,1st Serve In,Ad: T,,,,,,0.0,1.0,4.0,2.0,"Set 1: 5-4, 15-30 Youcef Rihane Serving"
50,Rudy Quan,Youcef Rihane,15-40,5-4,0-0,,Deuce,Youcef Rihane,Rudy Quan,UCLA,Florida State University,1976000.0,1967000.0,-9000.0,4,1-4,1,0,1st Serve In,T,T,,False,Far,46.47233705,-216.2678095,,,Crosscourt,Backhand,Net,,Down the Line,Backhand,Rudy Quan,Error,Youcef Rihane,,True,,,1,0,0,5,4,15,40,,,10,,,Crosscourt,Backhand,Down the Line,Backhand,Error,1st Serve In,Deuce: T,,,,,,0.0,0.0,1.0,1.0,"Set 1: 5-4, 15-40 Youcef Rihane Serving"
51,Rudy Quan,Youcef Rihane,30-40,5-4,0-0,,Ad,Youcef Rihane,Rudy Quan,UCLA,Florida State University,1998000.0,2005000.0,7000.0,11,9-12,0,1,2nd Serve In,Body,Body,Body,False,Far,-85.98383093,0.3508038058,-89.55027887,-124.5805938,Crosscourt,Backhand,Net,,Down the Line,Forehand,Youcef Rihane,Winner,Youcef Rihane,,True,Rudy Quan,Youcef Rihane,1,0,0,5,4,30,40,,,10,,,Crosscourt,Backhand,,,,2nd Serve In,Ad: Body,,,Down the Line,Forehand,Winner,2.0,0.0,1.0,2.0,"Set 1: 5-4, 30-40 Youcef Rihane Serving"
52,Rudy Quan,Youcef Rihane,0-0,0-0,1-0,,Deuce,Rudy Quan,Youcef Rihane,UCLA,Florida State University,2142000.0,2131000.0,-11000.0,2,1-4,0,0,Double Fault,,Body,,False,Near,-65.75402996,265.4585794,,,Crosscourt,Backhand,Long,Long,Crosscourt,Backhand,Youcef Rihane,Error,Rudy Quan,,False,,,2,1,0,0,0,0,0,,,1,Double Fault,,,,,,,,,Crosscourt,Backhand,Crosscourt,Backhand,Error,0.0,0.0,0.0,0.0,"Set 2: 0-0, 0-0 Rudy Quan Serving"
53,Rudy Quan,Youcef Rihane,15-0,0-0,1-0,,Ad,Rudy Quan,Youcef Rihane,UCLA,Florida State University,2161000.0,2161000.0,0.0,3,1-4,0,1,2nd Serve In,Body,Wide,Body,False,Near,116.8012084,301.3121446,83.50221457,170.6875055,Crosscourt,Backhand,Long,,Crosscourt,Backhand,Rudy Quan,Error,Youcef Rihane,,False,,,2,1,0,0,0,15,0,,,1,2nd Serve In,Ad: Body,,,Crosscourt,Backhand,Error,,,Crosscourt,Backhand,,,,0.0,0.0,0.0,1.0,"Set 2: 0-0, 15-0 Rudy Quan Serving"
54,Rudy Quan,Youcef Rihane,15-15,0-0,1-0,,Deuce,Rudy Quan,Youcef Rihane,UCLA,Florida State University,2195000.0,2189000.0,-6000.0,5,5-8,1,0,1st Serve In,Wide,Wide,,False,Near,-141.7881234,147.0131671,,,Down the Line,Forehand,Net,,Down the Line,Backhand,Rudy Quan,Error,Youcef Rihane,,False,Rudy Quan,,2,1,0,0,0,15,15,,,1,1st Serve In,Deuce: Wide,,,Down the Line,Backhand,Error,,,Down the Line,Forehand,,,,0.0,0.0,1.0,2.0,"Set 2: 0-0, 15-15 Rudy Quan Serving"
55,Rudy Quan,Youcef Rihane,15-30,0-0,1-0,,Ad,Rudy Quan,Youcef Rihane,UCLA,Florida State University,2220000.0,2212000.0,-8000.0,5,5-8,1,0,1st Serve In,Body,Body,,False,Near,57.79642935,225.8105151,,,Down the Line,Forehand,Wide Left,,Crosscourt,Forehand,Rudy Quan,Error,Youcef Rihane,,False,,,2,1,0,0,0,15,30,,,1,1st Serve In,Ad: Body,,,Crosscourt,Forehand,Error,,,Down the Line,Forehand,,,,0.0,0.0,1.0,2.0,"Set 2: 0-0, 15-30 Rudy Quan Serving"
56,Rudy Quan,Youcef Rihane,15-40,0-0,1-0,,Deuce,Rudy Quan,Youcef Rihane,UCLA,Florida State University,2245000.0,2238000.0,-7000.0,5,5-8,1,0,1st Serve In,Body,Body,,False,Near,-76.02341426,214.0818023,,,Down the Line,Forehand,Long,,Down the Line,Forehand,Rudy Quan,Error,Youcef Rihane,,True,,,2,1,0,0,0,15,40,,,1,1st Serve In,Deuce: Body,,,Down the Line,Forehand,Error,,,Down the Line,Forehand,,,,0.0,1.0,1.0,1.0,"Set 2: 0-0, 15-40 Rudy Quan Serving"
57,Rudy Quan,Youcef Rihane,30-40,0-0,1-0,,Ad,Rudy Quan,Youcef Rihane,UCLA,Florida State University,2270000.0,2270000.0,0.0,10,9-12,1,0,1st Serve In,T,T,,False,Near,1.481452318,81.16505359,,,Down the Line,Backhand,,,Crosscourt,Forehand,Youcef Rihane,Winner,Youcef Rihane,,True,,,2,1,0,0,0,30,40,,,1,1st Serve In,Ad: T,,,,,,,,Down the Line,Backhand,Crosscourt,Forehand,Winner,2.0,1.0,2.0,4.0,"Set 2: 0-0, 30-40 Rudy Quan Serving"
58,Rudy Quan,Youcef Rihane,0-0,0-1,1-0,,Ad,Youcef Rihane,Rudy Quan,UCLA,Florida State University,2338000.0,2361000.0,23000.0,1,1-4,0,0,Double Fault,Body,T,Body,False,Near,-43.71635499,211.2351433,94.04026137,-74.68967082,,,Net,,,,Youcef Rihane,,Rudy Quan,,False,,,2,1,0,0,1,0,0,,,2,,,,,,,,Double Fault,Ad: Body,,,,,,0.0,0.0,0.0,0.0,"Set 2: 0-1, 0-0 Youcef Rihane Serving"
59,Rudy Quan,Youcef Rihane,0-15,0-1,1-0,,Deuce,Youcef Rihane,Rudy Quan,UCLA,Florida State University,2399000.0,2398000.0,-1000.0,9,9-12,1,0,1st Serve In,T,T,,False,Near,-52.34628171,233.1897966,,,Crosscourt,Backhand,Wide Right,,Down the Line,Forehand,Youcef Rihane,Error,Rudy Quan,,False,,,2,1,0,0,1,0,15,,,2,,,Crosscourt,Backhand,,,,1st Serve In,Deuce: T,,,Down the Line,Forehand,Error,3.0,1.0,1.0,2.0,"Set 2: 0-1, 0-15 Youcef Rihane Serving"
60,Rudy Quan,Youcef Rihane,0-30,0-1,1-0,,Ad,Youcef Rihane,Rudy Quan,UCLA,Florida State University,2435000.0,2449000.0,14000.0,10,9-12,0,1,2nd Serve In,Body,T,Body,False,Near,-30.22160433,-16.20671479,100.8340278,152.7534503,Crosscourt,Backhand,Net,,Down the Line,Forehand,Rudy Quan,Winner,Rudy Quan,,False,,Youcef Rihane,2,1,0,0,1,0,30,,,2,,,Crosscourt,Backhand,Down the Line,Forehand,Winner,2nd Serve In,Ad: Body,,,,,,3.0,1.0,2.0,3.0,"Set 2: 0-1, 0-30 Youcef Rihane Serving"
61,Rudy Quan,Youcef Rihane,0-40,0-1,1-0,,Deuce,Youcef Rihane,Rudy Quan,UCLA,Florida State University,2492000.0,2482000.0,-10000.0,3,1-4,1,0,1st Serve In,Wide,Wide,,False,Near,-122.5326881,180.139649,,,Down the Line,Forehand,Long,,Down the Line,Backhand,Youcef Rihane,Error,Rudy Quan,,True,,,2,1,0,0,1,0,40,,,2,,,Down the Line,Forehand,,,,1st Serve In,Deuce: Wide,,,Down the Line,Backhand,Error,1.0,0.0,0.0,0.0,"Set 2: 0-1, 0-40 Youcef Rihane Serving"
62,Rudy Quan,Youcef Rihane,15-40,0-1,1-0,,Ad,Youcef Rihane,Rudy Quan,UCLA,Florida State University,2518000.0,2507000.0,-11000.0,2,1-4,0,0,Double Fault,,Wide,,False,Near,161.4805227,192.8875492,,,Down the Line,Backhand,Net,Net,Down the Line,Backhand,Rudy Quan,Error,Youcef Rihane,,True,,,2,1,0,0,1,15,40,,,2,,,Down the Line,Backhand,Down the Line,Backhand,Error,Double Fault,,,,,,,0.0,0.0,0.0,0.0,"Set 2: 0-1, 15-40 Youcef Rihane Serving"
63,Rudy Quan,Youcef Rihane,30-40,0-1,1-0,,Deuce,Youcef Rihane,Rudy Quan,UCLA,Florida State University,2542000.0,2550000.0,8000.0,9,9-12,0,1,2nd Serve In,Body,T,Body,False,Near,-41.99471785,-5.117257218,-58.36284449,240.1651465,Crosscourt,Forehand,Net,,Crosscourt,Forehand,Youcef Rihane,Error,Rudy Quan,,True,,,2,1,0,0,1,30,40,,,2,,,Crosscourt,Forehand,,,,2nd Serve In,Deuce: Body,,,Crosscourt,Forehand,Error,0.0,1.0,4.0,2.0,"Set 2: 0-1, 30-40 Youcef Rihane Serving"
64,Rudy Quan,Youcef Rihane,0-0,1-1,1-0,,Deuce,Rudy Quan,Youcef Rihane,UCLA,Florida State University,2606000.0,2633000.0,27000.0,32,13+,1,0,1st Serve In,Body,Body,,False,Far,76.76854221,-175.1746172,,,Down the Line,Forehand,Net,,Down the Line,Forehand,Youcef Rihane,Error,Rudy Quan,,False,,,2,1,0,1,1,0,0,,,3,1st Serve In,Deuce: Body,,,,,,,,Down the Line,Forehand,Down the Line,Forehand,Error,3.0,4.0,12.0,11.0,"Set 2: 1-1, 0-0 Rudy Quan Serving"
65,Rudy Quan,Youcef Rihane,15-0,1-1,1-0,,Ad,Rudy Quan,Youcef Rihane,UCLA,Florida State University,2691000.0,2697000.0,6000.0,6,5-8,0,1,2nd Serve In,T,Wide,T,False,Far,-131.5327483,-265.3351761,-37.95161308,-234.6972769,Down the Line,Forehand,,,Crosscourt,Forehand,Youcef Rihane,Winner,Youcef Rihane,,False,,,2,1,0,1,1,15,0,,,3,2nd Serve In,Ad: T,,,,,,,,Down the Line,Forehand,Crosscourt,Forehand,Winner,0.0,0.0,2.0,3.0,"Set 2: 1-1, 15-0 Rudy Quan Serving"
66,Rudy Quan,Youcef Rihane,15-15,1-1,1-0,,Deuce,Rudy Quan,Youcef Rihane,UCLA,Florida State University,2742000.0,2732000.0,-10000.0,3,1-4,1,0,1st Serve In,Wide,Wide,,False,Far,140.1941,-161.2244915,,,Crosscourt,Forehand,Long,,Down the Line,Forehand,Rudy Quan,Error,Youcef Rihane,,False,,,2,1,0,1,1,15,15,,,3,1st Serve In,Deuce: Wide,,,Down the Line,Forehand,Error,,,Crosscourt,Forehand,,,,0.0,0.0,0.0,1.0,"Set 2: 1-1, 15-15 Rudy Quan Serving"
67,Rudy Quan,Youcef Rihane,15-30,1-1,1-0,,Ad,Rudy Quan,Youcef Rihane,UCLA,Florida State University,2768000.0,2773000.0,5000.0,6,5-8,0,1,2nd Serve In,Wide,Body,Wide,False,Far,-84.95067257,-284.8420112,-125.5963364,-189.5774388,Down the Line,Backhand,,,Crosscourt,Forehand,Youcef Rihane,Winner,Youcef Rihane,,False,,,2,1,0,1,1,15,30,,,3,2nd Serve In,Ad: Wide,,,,,,,,Down the Line,Backhand,Crosscourt,Forehand,Winner,0.0,2.0,2.0,1.0,"Set 2: 1-1, 15-30 Rudy Quan Serving"
68,Rudy Quan,Youcef Rihane,30-30,1-1,1-0,,Deuce,Rudy Quan,Youcef Rihane,UCLA,Florida State University,2817000.0,2811000.0,-6000.0,5,5-8,1,0,1st Serve In,Wide,Wide,,False,Far,154.8234799,-244.0566,,,Crosscourt,Forehand,,,Down the Line,Forehand,Rudy Quan,Winner,Rudy Quan,,False,,,2,1,0,1,1,30,30,,,3,1st Serve In,Deuce: Wide,,,Down the Line,Forehand,Winner,,,Crosscourt,Forehand,,,,1.0,0.0,1.0,2.0,"Set 2: 1-1, 30-30 Rudy Quan Serving"
69,Rudy Quan,Youcef Rihane,40-30,1-1,1-0,,Ad,Rudy Quan,Youcef Rihane,UCLA,Florida State University,2855000.0,2848000.0,-7000.0,5,5-8,1,0,1st Serve In,T,T,,False,Far,-8.619171041,-241.8762959,,,Down the Line,Forehand,,,Down the Line,Forehand,Rudy Quan,Winner,Rudy Quan,,False,,,2,1,0,1,1,40,30,,,3,1st Serve In,Ad: T,,,Down the Line,Forehand,Winner,,,Down the Line,Forehand,,,,1.0,0.0,1.0,2.0,"Set 2: 1-1, 40-30 Rudy Quan Serving"
70,Rudy Quan,Youcef Rihane,0-0,2-1,1-0,,Deuce,Youcef Rihane,Rudy Quan,UCLA,Florida State University,2952000.0,2947000.0,-5000.0,7,5-8,1,0,1st Serve In,T,T,,False,Far,30.01866251,-219.7593504,,,Down the Line,Backhand,,,Crosscourt,Forehand,Youcef Rihane,Winner,Youcef Rihane,,False,,,2,1,0,2,1,0,0,,,4,,,Down the Line,Backhand,,,,1st Serve In,Deuce: T,,,Crosscourt,Forehand,Winner,0.0,3.0,3.0,0.0,"Set 2: 2-1, 0-0 Youcef Rihane Serving"
71,Rudy Quan,Youcef Rihane,15-0,2-1,1-0,,Ad,Youcef Rihane,Rudy Quan,UCLA,Florida State University,2981000.0,2971000.0,-10000.0,3,1-4,1,0,1st Serve In,Body,Body,,False,Far,-70.05270669,-234.7176783,,,Crosscourt,Forehand,Wide Left,,Crosscourt,Forehand,Youcef Rihane,Error,Rudy Quan,,False,,,2,1,0,2,1,15,0,,,4,,,Crosscourt,Forehand,,,,1st Serve In,Ad: Body,,,Crosscourt,Forehand,Error,0.0,0.0,1.0,0.0,"Set 2: 2-1, 15-0 Youcef Rihane Serving"
72,Rudy Quan,Youcef Rihane,15-15,2-1,1-0,,Deuce,Youcef Rihane,Rudy Quan,UCLA,Florida State University,3002000.0,3010000.0,8000.0,7,5-8,1,1,1st Serve In,T,T,T,False,Far,13.69753937,-240.6924814,46.52473753,-220.5871555,Down the Line,Backhand,Net,,Down the Line,Backhand,Youcef Rihane,Error,Rudy Quan,,False,,,2,1,0,2,1,15,15,,,4,,,Down the Line,Backhand,,,,1st Serve In,Deuce: T,,,Down the Line,Backhand,Error,1.0,1.0,2.0,1.0,"Set 2: 2-1, 15-15 Youcef Rihane Serving"
73,Rudy Quan,Youcef Rihane,15-30,2-1,1-0,,Ad,Youcef Rihane,Rudy Quan,UCLA,Florida State University,3048000.0,3037000.0,-11000.0,2,1-4,1,0,1st Serve In,Wide,Wide,,False,Far,-144.0122922,-210.6141459,,,Crosscourt,Backhand,,,Crosscourt,Backhand,Rudy Quan,Winner,Rudy Quan,,False,,,2,1,0,2,1,15,30,,,4,,,Crosscourt,Backhand,Crosscourt,Backhand,Winner,1st Serve In,Ad: Wide,,,,,,0.0,0.0,1.0,0.0,"Set 2: 2-1, 15-30 Youcef Rihane Serving"
74,Rudy Quan,Youcef Rihane,30-30,2-1,1-0,,Deuce,Youcef Rihane,Rudy Quan,UCLA,Florida State University,3073000.0,3068000.0,-5000.0,7,5-8,1,0,1st Serve In,T,T,,False,Far,20.84436789,-185.1220965,,,Down the Line,Backhand,Net,,Down the Line,Forehand,Youcef Rihane,Error,Rudy Quan,,False,,,2,1,0,2,1,30,30,,,4,,,Down the Line,Backhand,,,,1st Serve In,Deuce: T,,,Down the Line,Forehand,Error,0.0,0.0,3.0,2.0,"Set 2: 2-1, 30-30 Youcef Rihane Serving"
75,Rudy Quan,Youcef Rihane,30-40,2-1,1-0,,Ad,Youcef Rihane,Rudy Quan,UCLA,Florida State University,3104000.0,3092000.0,-12000.0,1,1-4,1,0,1st Serve In,T,T,,True,Far,-2.191251094,-231.3070921,,,,,,,,,Youcef Rihane,,Youcef Rihane,,True,,,2,1,0,2,1,30,40,,,4,Ace,,,,,,,1st Serve In,Ad: T,,,,,,0.0,0.0,0.0,0.0,"Set 2: 2-1, 30-40 Youcef Rihane Serving"
76,Rudy Quan,Youcef Rihane,40-40,2-1,1-0,,Deuce,Youcef Rihane,Rudy Quan,UCLA,Florida State University,3120000.0,3113000.0,-7000.0,5,5-8,1,0,1st Serve In,T,T,,False,Far,17.51860236,-241.4745844,,,Crosscourt,Backhand,Net,,Down the Line,Backhand,Youcef Rihane,Error,Rudy Quan,,True,,,2,1,0,2,1,40,40,,,4,,,Crosscourt,Backhand,,,,1st Serve In,Deuce: T,,,Down the Line,Backhand,Error,0.0,1.0,2.0,0.0,"Set 2: 2-1, 40-40 Youcef Rihane Serving"
77,Rudy Quan,Youcef Rihane,0-0,3-1,1-0,,Deuce,Rudy Quan,Youcef Rihane,UCLA,Florida State University,3163000.0,3156000.0,-7000.0,5,5-8,0,0,Double Fault,,Body,,False,Near,-54.25034449,246.9489993,,,Down the Line,Backhand,Net,,Down the Line,Backhand,Rudy Quan,Error,Youcef Rihane,,False,,,2,1,0,3,1,0,0,,,5,Double Fault,,,,Down the Line,Backhand,,,,Down the Line,Backhand,,,,0.0,1.0,1.0,1.0,"Set 2: 3-1, 0-0 Rudy Quan Serving"
78,Rudy Quan,Youcef Rihane,0-15,3-1,1-0,,Ad,Rudy Quan,Youcef Rihane,UCLA,Florida State University,3189000.0,3196000.0,7000.0,15,13+,1,0,1st Serve In,Wide,Wide,,False,Near,118.1854385,243.0535652,,,Crosscourt,Backhand,,,Crosscourt,Forehand,Rudy Quan,Winner,Rudy Quan,,False,,,2,1,0,3,1,0,15,,,5,1st Serve In,Ad: Wide,,,Crosscourt,Forehand,Winner,,,Crosscourt,Backhand,,,,0.0,2.0,7.0,5.0,"Set 2: 3-1, 0-15 Rudy Quan Serving"
79,Rudy Quan,Youcef Rihane,15-15,3-1,1-0,,Deuce,Rudy Quan,Youcef Rihane,UCLA,Florida State University,3237000.0,3231000.0,-6000.0,6,5-8,1,0,1st Serve In,Wide,Wide,,False,Near,-124.6239611,184.7441164,,,Crosscourt,Forehand,Wide Left,,Crosscourt,Forehand,Youcef Rihane,Error,Rudy Quan,,False,,,2,1,0,3,1,15,15,,,5,1st Serve In,Deuce: Wide,,,,,,,,Crosscourt,Forehand,Crosscourt,Forehand,Error,1.0,0.0,1.0,2.0,"Set 2: 3-1, 15-15 Rudy Quan Serving"
80,Rudy Quan,Youcef Rihane,30-15,3-1,1-0,,Ad,Rudy Quan,Youcef Rihane,UCLA,Florida State University,3273000.0,3279000.0,6000.0,8,5-8,0,1,2nd Serve In,Body,Body,Body,False,Near,57.82900262,-28.87637795,89.99057305,219.551892,Crosscourt,Backhand,Net,,Crosscourt,Backhand,Youcef Rihane,Error,Rudy Quan,,False,,,2,1,0,3,1,30,15,,,5,2nd Serve In,Ad: Body,,,,,,,,Crosscourt,Backhand,Crosscourt,Backhand,Error,1.0,1.0,2.0,2.0,"Set 2: 3-1, 30-15 Rudy Quan Serving"
81,Rudy Quan,Youcef Rihane,40-15,3-1,1-0,,Deuce,Rudy Quan,Youcef Rihane,UCLA,Florida State University,3322000.0,3315000.0,-7000.0,5,5-8,1,0,1st Serve In,T,T,,False,Near,-28.31987642,244.6961614,,,Down the Line,Backhand,,,Down the Line,Forehand,Rudy Quan,Winner,Rudy Quan,,False,Rudy Quan,,2,1,0,3,1,40,15,,,5,1st Serve In,Deuce: T,,,Down the Line,Forehand,Winner,,,Down the Line,Backhand,,,,0.0,0.0,2.0,2.0,"Set 2: 3-1, 40-15 Rudy Quan Serving"
82,Rudy Quan,Youcef Rihane,40-30,3-1,1-0,,Ad,Rudy Quan,Youcef Rihane,UCLA,Florida State University,3359000.0,3348000.0,-11000.0,2,1-4,1,0,1st Serve In,Wide,Wide,,False,Near,107.5535761,232.3488244,,,Crosscourt,Backhand,Net,Net,Crosscourt,Backhand,Youcef Rihane,Error,Rudy Quan,,False,,,2,1,0,3,1,40,30,,,5,1st Serve In,Ad: Wide,,,,,,,,Crosscourt,Backhand,Crosscourt,Backhand,Error,0.0,0.0,0.0,0.0,"Set 2: 3-1, 40-30 Rudy Quan Serving"
83,Rudy Quan,Youcef Rihane,0-0,4-1,1-0,,Deuce,Youcef Rihane,Rudy Quan,UCLA,Florida State University,3463000.0,3457000.0,-6000.0,6,5-8,1,0,1st Serve In,Wide,Wide,,False,Near,-142.9264654,239.1646763,,,Down the Line,Forehand,Net,,Down the Line,Forehand,Rudy Quan,Error,Youcef Rihane,,False,,,2,1,0,4,1,0,0,,,6,,,Down the Line,Forehand,Down the Line,Forehand,Error,1st Serve In,Deuce: Wide,,,,,,1.0,1.0,1.0,1.0,"Set 2: 4-1, 0-0 Youcef Rihane Serving"
84,Rudy Quan,Youcef Rihane,15-0,4-1,1-0,,Ad,Youcef Rihane,Rudy Quan,UCLA,Florida State University,3490000.0,3553000.0,63000.0,4,1-4,0,1,2nd Serve In,Body,Wide,Body,False,Near,176.5027723,275.4815398,103.7636702,158.5623633,Down the Line,Backhand,Net,,Down the Line,Backhand,Rudy Quan,Error,Youcef Rihane,,False,,,2,1,0,4,1,15,0,,,6,,,Down the Line,Backhand,Down the Line,Backhand,Error,2nd Serve In,Ad: Body,,,,,,1.0,1.0,0.0,0.0,"Set 2: 4-1, 15-0 Youcef Rihane Serving"
85,Rudy Quan,Youcef Rihane,30-0,4-1,1-0,,Deuce,Youcef Rihane,Rudy Quan,UCLA,Florida State University,3593000.0,3593000.0,0.0,9,9-12,1,0,1st Serve In,Wide,Wide,,False,Near,-115.7308454,208.3818241,,,Down the Line,Forehand,,,Down the Line,Backhand,Youcef Rihane,Winner,Youcef Rihane,,False,,Youcef Rihane,2,1,0,4,1,30,0,,,6,,,Down the Line,Forehand,,,,1st Serve In,Deuce: Wide,,,Down the Line,Backhand,Winner,2.0,2.0,2.0,2.0,"Set 2: 4-1, 30-0 Youcef Rihane Serving"
86,Rudy Quan,Youcef Rihane,40-0,4-1,1-0,,Deuce,Rudy Quan,Youcef Rihane,UCLA,Florida State University,3634000.0,3630000.0,-4000.0,8,5-8,1,0,1st Serve In,Body,Body,,False,Far,70.72870735,-231.8923775,,,Down the Line,Backhand,,,Down the Line,Forehand,Youcef Rihane,Winner,Youcef Rihane,,False,,,2,1,0,4,1,40,0,,,6,1st Serve In,Deuce: Body,,,,,,,,Down the Line,Backhand,Down the Line,Forehand,Winner,3.0,0.0,0.0,4.0,"Set 2: 4-1, 40-0 Rudy Quan Serving"
87,Rudy Quan,Youcef Rihane,40-15,4-1,1-0,,Ad,Rudy Quan,Youcef Rihane,UCLA,Florida State University,3665000.0,3657000.0,-8000.0,4,1-4,1,0,1st Serve In,T,T,,False,Far,-41.60647966,-216.5195538,,,Down the Line,Forehand,,,Down the Line,Backhand,Youcef Rihane,Winner,Youcef Rihane,,False,,,2,1,0,4,1,40,15,,,6,1st Serve In,Ad: T,,,,,,,,Down the Line,Forehand,Down the Line,Backhand,Winner,0.0,1.0,0.0,1.0,"Set 2: 4-1, 40-15 Rudy Quan Serving"
88,Rudy Quan,Youcef Rihane,0-0,4-2,1-0,,Deuce,Rudy Quan,Youcef Rihane,UCLA,Florida State University,3688000.0,3677000.0,-11000.0,2,1-4,1,0,1st Serve In,Body,Body,,False,Far,75.87103565,-205.846659,,,Down the Line,Forehand,Net,Net,Down the Line,Forehand,Youcef Rihane,Error,Rudy Quan,,False,,,2,1,0,4,2,0,0,,,7,1st Serve In,Deuce: Body,,,,,,,,Down the Line,Forehand,Down the Line,Forehand,Error,0.0,0.0,0.0,0.0,"Set 2: 4-2, 0-0 Rudy Quan Serving"
89,Rudy Quan,Youcef Rihane,15-0,4-2,1-0,,Ad,Rudy Quan,Youcef Rihane,UCLA,Florida State University,3711000.0,3712000.0,1000.0,11,9-12,1,0,1st Serve In,Wide,Wide,,False,Far,-135.5932305,-235.6348589,,,Crosscourt,Backhand,,,Down the Line,Forehand,Rudy Quan,Winner,Rudy Quan,,False,,,2,1,0,4,2,15,0,,,7,1st Serve In,Ad: Wide,,,Down the Line,Forehand,Winner,,,Crosscourt,Backhand,,,,1.0,2.0,4.0,3.0,"Set 2: 4-2, 15-0 Rudy Quan Serving"
90,Rudy Quan,Youcef Rihane,30-0,4-2,1-0,,Deuce,Rudy Quan,Youcef Rihane,UCLA,Florida State University,3753000.0,3747000.0,-6000.0,6,5-8,1,0,1st Serve In,Wide,Wide,,False,Far,106.1381124,-147.4626476,,,Down the Line,Forehand,Long,,Crosscourt,Backhand,Youcef Rihane,Error,Rudy Quan,,False,,,2,1,0,4,2,30,0,,,7,1st Serve In,Deuce: Wide,,,,,,,,Down the Line,Forehand,Crosscourt,Backhand,Error,1.0,2.0,1.0,0.0,"Set 2: 4-2, 30-0 Rudy Quan Serving"
91,Rudy Quan,Youcef Rihane,40-0,4-2,1-0,,Ad,Rudy Quan,Youcef Rihane,UCLA,Florida State University,3786000.0,3785000.0,-1000.0,10,9-12,1,0,1st Serve In,T,T,,False,Far,-51.91199694,-203.2682797,,,Crosscourt,Forehand,,,Crosscourt,Backhand,Youcef Rihane,Winner,Youcef Rihane,,False,,,2,1,0,4,2,40,0,,,7,1st Serve In,Ad: T,,,,,,,,Crosscourt,Forehand,Crosscourt,Backhand,Winner,0.0,2.0,4.0,3.0,"Set 2: 4-2, 40-0 Rudy Quan Serving"
92,Rudy Quan,Youcef Rihane,0-0,5-2,1-0,,Deuce,Youcef Rihane,Rudy Quan,UCLA,Florida State University,3802000.0,3903000.0,101000.0,5,5-8,0,0,Double Fault,,Wide,,False,Near,201.0098535,-47.73301072,,,Down the Line,Backhand,Net,,Crosscourt,Forehand,Youcef Rihane,Winner,Youcef Rihane,,False,,,2,1,0,5,2,0,0,,,8,,,Down the Line,Backhand,,,,Double Fault,,,,Crosscourt,Forehand,,1.0,0.0,1.0,2.0,"Set 2: 5-2, 0-0 Youcef Rihane Serving"
93,Rudy Quan,Youcef Rihane,15-0,5-2,1-0,,Ad,Youcef Rihane,Rudy Quan,UCLA,Florida State University,3937000.0,3927000.0,-10000.0,3,1-4,1,0,1st Serve In,Wide,Wide,,False,Far,-136.6494313,-164.6937937,,,Crosscourt,Backhand,Net,,Down the Line,Forehand,Youcef Rihane,Error,Rudy Quan,,False,,,2,1,0,5,2,15,0,,,8,,,Crosscourt,Backhand,,,,1st Serve In,Ad: Wide,,,Down the Line,Forehand,Error,0.0,0.0,1.0,0.0,"Set 2: 5-2, 15-0 Youcef Rihane Serving"
94,Rudy Quan,Youcef Rihane,15-15,5-2,1-0,,Deuce,Youcef Rihane,Rudy Quan,UCLA,Florida State University,3957000.0,3947000.0,-10000.0,3,1-4,1,0,1st Serve In,Body,Body,,False,Far,95.188785,-227.3214403,,,Down the Line,Backhand,Net,,Down the Line,Backhand,Youcef Rihane,Error,Rudy Quan,,False,,,2,1,0,5,2,15,15,,,8,,,Down the Line,Backhand,,,,1st Serve In,Deuce: Body,,,Down the Line,Backhand,Error,0.0,0.0,1.0,0.0,"Set 2: 5-2, 15-15 Youcef Rihane Serving"
95,Rudy Quan,Youcef Rihane,15-30,5-2,1-0,,Ad,Youcef Rihane,Rudy Quan,UCLA,Florida State University,3983000.0,3973000.0,-10000.0,3,1-4,1,0,1st Serve In,Body,Body,,False,Far,-102.07097,-178.3143209,,,Down the Line,Backhand,Net,,Crosscourt,Forehand,Youcef Rihane,Error,Rudy Quan,,False,,,2,1,0,5,2,15,30,,,8,,,Down the Line,Backhand,,,,1st Serve In,Ad: Body,,,Crosscourt,Forehand,Error,0.0,0.0,1.0,0.0,"Set 2: 5-2, 15-30 Youcef Rihane Serving"
96,Rudy Quan,Youcef Rihane,15-40,5-2,1-0,,Deuce,Youcef Rihane,Rudy Quan,UCLA,Florida State University,3999000.0,3996000.0,-3000.0,1,1-4,0,0,Double Fault,Body,T,Body,False,Far,48.01078303,-432.2805063,76.61402012,224.1957458,,,Net,,,,Youcef Rihane,,Rudy Quan,,True,,,2,1,0,5,2,15,40,,,8,,,,,,,,Double Fault,Deuce: Body,,,,,,0.0,0.0,0.0,0.0,"Set 2: 5-2, 15-40 Youcef Rihane Serving"
